House ID,Golden Grains
6e33d031,1204418
6e33d037,1442633.9
6e33d03d,1575027
6e33d043,1408917.7
6e33d045,1423163.9
6e33d049,1304856.4
6e33d04d,1355573.9
6e33d051,1210237.3
6e33d053,1133413.3
6e33d055,1144186.3
6e33d05b,1115781.3
6e33d05f,1194510.2
6e33d062,1396875.6
6e33d065,1578709
6e33d067,1297634
6e33d06b,1376168.7
6e33d071,1451850.3
6e33d075,1205888.8
6e33d07a,1380245.8
6e33d080,1059000.5
6e33d083,1309533.8
6e33d089,1168091.4
6e33d08b,1433226.3
6e33d08e,1166931.8
6e33d090,1325897.8
6e33d095,1397886.9
6e33d098,1172533.7
6e33d09a,1211036.7
6e33d09d,1437066.5
6e33d0a0,1402503.9
6e33d0a5,1058468.2
6e33d0a8,1351562.8
6e33d0ac,1441713
6e33d0b1,1352640
6e33d0b5,1126437.5
6e33d0ba,1460252.2
6e33d0bc,1245880.3
6e33d0c2,1398406.7
6e33d0c6,1229564.4
6e33d0cc,1477092.5
6e33d0d1,1432900.9
6e33d0d3,1443828.3
6e33d0d5,1403382
6e33d0d7,894544.7
6e33d0dc,1489188.1
6e33d0e0,1144020.5
6e33d0e2,1302854
6e33d0e4,1380894.2
6e33d0e6,1315194.4
6e33d0ea,1198576.5
6e33d0ee,1392413.6
6e33d0f4,1272731.3
6e33d0f8,1340340.7
6e33d0fd,1439819.3
6e33d100,1216093.5
6e33d103,1115146.3
6e33d108,1204767.1
6e33d10b,1489116.1
6e33d110,1162013.1
6e33d112,1098697.4
6e33d117,1481242.9
6e33d11c,1483012.9
6e33d122,1294831.5
6e33d127,1065769.1
6e33d12c,1360043.5
6e33d130,1198847
6e33d136,1495902.4
6e33d13a,1405046.3
6e33d13e,1396771.5
6e33d141,1327199.3
6e33d147,1416026.9
6e33d14b,1419863.2
6e33d14e,980633.5
6e33d151,1017584.7
6e33d154,1360738.2
6e33d159,1320516.5
6e33d15f,1432099.7
6e33d162,1287147.2
6e33d168,1296229
6e33d16d,1142035.5
6e33d16f,1431797.2
6e33d172,1460034.9
6e33d175,1309283.9
6e33d17b,936454.9
6e33d181,1348761.3
6e33d184,1348761.5
6e33d186,1328361.9
6e33d18b,1461852.4
6e33d191,1279576.2
6e33d193,1400309.2
6e33d197,1416307.6
6e33d19b,1466466.3
6e33d19f,1316559.8
6e33d1a3,1304422.9
6e33d1a7,1223561.3
6e33d1ad,1336919.5
6e33d1b1,1359523.1
6e33d1b5,1413184.4
6e33d1b9,1275365.5
6e33d1bb,1400480
6e33d1bf,1192986
6e33d1c4,1435788.3
6e33d1c7,1426580.3
6e33d1cb,1477642.7
6e33d1cd,1254828.3
6e33d1d3,1275225.9
6e33d1d9,1374185.8
6e33d1dd,1254877
6e33d1e1,1416282.5
6e33d1e3,994287.7
6e33d1e8,1292721.5
6e33d1ec,1185777.5
6e33d1f2,1326839.6
6e33d1f6,1274806.8
6e33d1fa,1315624
6e33d1ff,1399098.7
6e33d205,968929
6e33d207,1263580.4
6e33d209,1551038.6
6e33d20e,1450953
6e33d210,1268694.2
6e33d216,1163860.1
6e33d219,1172443.1
6e33d21d,1204855.6
6e33d221,1218491.8
6e33d227,1296465.4
6e33d22a,1229930.7
6e33d22e,1294692
6e33d230,1036273.7
6e33d234,1477171.8
6e33d239,931297.4
6e33d23e,1331770.3
6e33d241,1222550.9
6e33d244,1363451.2
6e33d247,1311022.9
6e33d24b,1444882.1
6e33d251,1042468.9
6e33d253,1270792
6e33d256,1106396.6
6e33d25c,1348658
6e33d25f,1352590.4
6e33d262,1213271.2
6e33d266,1314613.5
6e33d26b,1323982.6
6e33d26d,1498410.9
6e33d26f,1501493.3
6e33d274,1370185.3
6e33d278,1265717.6
6e33d27e,936613.4
6e33d281,1369057.5
6e33d286,1369512.7
6e33d28a,1448299.9
6e33d28e,1440889.4
6e33d293,1370729.5
6e33d298,1467829.1
6e33d29a,1320462.3
6e33d29c,1111407
6e33d29e,1189843.3
6e33d2a1,1478182.8
6e33d2a5,1090260.1
6e33d2ab,1223119.2
6e33d2b1,1264413.8
6e33d2b6,1516597.2
6e33d2bc,1382246
6e33d2c0,1275420.3
6e33d2c4,1220446.4
6e33d2c6,978206.7
6e33d2cb,1365879.3
6e33d2d0,1209780.5
6e33d2d5,1264322.2
6e33d2db,1446897.1
6e33d2e1,1339863.2
6e33d2e7,1051984.8
6e33d2ea,1062581
6e33d2ec,1377476.2
6e33d2f2,1299654.8
6e33d2f4,1500357.4
6e33d2fa,1166086.7
6e33d2fe,1321802.9
6e33d303,1407334.7
6e33d309,1346188.9
6e33d30f,1304500.4
6e33d312,1376919.6
6e33d314,1201980.7
6e33d31a,986770.2
6e33d31e,1199522.6
6e33d320,1105294.2
6e33d326,1260819.6
6e33d329,1442750.8
6e33d32f,1163312.4
6e33d333,1477881.1
6e33d339,1398015.7
6e33d33e,1402406.4
6e33d340,1189345.5
6e33d344,1436330.1
6e33d34a,1080745.7
6e33d34f,1388382.2
6e33d353,1065236.7
6e33d359,1121670.5
6e33d35f,1341858.7
6e33d362,1273423.9
6e33d366,1485971.5
6e33d368,1370113.7
6e33d36e,1498904.8
6e33d371,1408200.8
6e33d376,1056226.2
6e33d37c,1339096.6
6e33d381,1393345.5
6e33d383,1321147.1
6e33d388,1365066.8
6e33d38b,1169175.4
6e33d38d,1423440.3
6e33d38f,862739
6e33d393,1364275.2
6e33d399,1244987.8
6e33d39d,1497709.4
6e33d3a2,1372905
6e33d3a7,1341086.9
6e33d3ab,985877.7
6e33d3af,1274327.2
6e33d3b5,1076660
6e33d3bb,1294682.6
6e33d3be,1020204.7
6e33d3c2,1432596.7
6e33d3c6,1422287.1
6e33d3ca,1164376.1
6e33d3cf,1154512.4
6e33d3d2,1425697.7
6e33d3d8,1391062.5
6e33d3de,1383102.3
6e33d3e0,1401820.8
6e33d3e6,1356825.6
6e33d3e8,1499376
6e33d3ee,1335837.1
6e33d3f0,1349023.8
6e33d3f3,1463614
6e33d3f5,1289208.3
6e33d3f7,1518619.4
6e33d3fd,1229583.4
6e33d402,1138401
6e33d405,1183410.1
6e33d408,1560109.7
6e33d40a,1509348.9
6e33d40c,1281729.4
6e33d40f,1488483
6e33d413,1313492.9
6e33d416,1431469.7
6e33d419,1272532.3
6e33d41f,1320351.9
6e33d424,1423124.8
6e33d429,1577878.9
6e33d42f,1375596
6e33d433,1336719.1
6e33d439,1205963.7
6e33d43d,1300368.4
6e33d441,1219890.4
6e33d443,1118381.5
6e33d445,1475460.6
6e33d449,1349372
6e33d44c,1203739.2
6e33d450,1176396.1
6e33d456,1292742
6e33d45b,1516426.6
6e33d45f,1387121.4
6e33d461,1141393.2
6e33d466,1196672.8
6e33d46c,1239679.9
6e33d46f,1207800.2
6e33d471,1251067.7
6e33d473,1202165.8
6e33d478,1082781.3
6e33d47c,1463798.1
6e33d47e,1263287.4
6e33d482,1267767.2
6e33d486,1351855.5
6e33d489,1411434.6
6e33d48d,1165347.5
6e33d48f,1315617.2
6e33d491,1402956.3
6e33d496,1098268.8
6e33d49b,1096896.8
6e33d4a1,1413130
6e33d4a7,1030262.4
6e33d4ad,1466064.8
6e33d4af,1330364.4
6e33d4b3,1252496.4
6e33d4b6,1306057.6
6e33d4bc,1052862
6e33d4c0,1462058
6e33d4c4,1210345.5
6e33d4c9,1229817.3
6e33d4cd,910648.5
6e33d4d0,1211716.2
6e33d4d6,1409932.7
6e33d4d8,1437216.3
6e33d4dd,1001019.9
6e33d4df,1501480.8
6e33d4e2,1343399.2
6e33d4e6,1479893.6
6e33d4eb,1399703.5
6e33d4ef,1330534.9
6e33d4f1,1183126
6e33d4f7,1078161.7
6e33d4fb,1172623.9
6e33d4fd,1440215.3
6e33d4ff,1452938.3
6e33d501,1499053.3
6e33d503,1252383.5
6e33d508,1585862.8
6e33d50d,1397840.8
6e33d513,1433489.5
6e33d517,1333324.5
6e33d51b,1303877.4
6e33d521,1215304.1
6e33d527,1335985.4
6e33d52a,1445437
6e33d52e,1373253.9
6e33d534,1422829.9
6e33d536,1367315.1
6e33d53b,1531148.3
6e33d540,1480137.1
6e33d546,1383058.8
6e33d54a,1328082.9
6e33d54d,1464889.6
6e33d553,1548125.7
6e33d556,1405389.6
6e33d55b,1409983.3
6e33d560,1196687.5
6e33d566,1376982.1
6e33d56c,1364467.6
6e33d56f,1328583.8
6e33d573,1042386.6
6e33d578,1548833.6
6e33d57a,1356598.1
6e33d57d,1451966.4
6e33d581,1188252.7
6e33d586,1424114.3
6e33d589,1070813.3
6e33d58e,1299848.8
6e33d590,1465723.9
6e33d594,1452229.7
6e33d598,1269841.1
6e33d59c,1401980.8
6e33d5a0,1427523.4
6e33d5a5,1325303.3
6e33d5aa,1558527
6e33d5ad,1520716.6
6e33d5b2,1294148.9
6e33d5b5,1173572.1
6e33d5b9,1334616.2
6e33d5bf,1411928
6e33d5c4,1341446.8
6e33d5c6,1305668.4
6e33d5c9,1470353.3
6e33d5ce,1410699
6e33d5d0,1326816.9
6e33d5d4,1215265
6e33d5d6,1576829.3
6e33d5dc,1282014.8
6e33d5e2,1380305.1
6e33d5e5,1305199
6e33d5e7,1338743.6
6e33d5eb,1487054.1
6e33d5ee,1228306
6e33d5f0,1260598
6e33d5f6,1169280.9
6e33d5fc,1577567.5
6e33d600,1298097.2
6e33d604,1083158.7
6e33d607,1537587.5
6e33d60d,1334303.1
6e33d610,1354761.9
6e33d616,1493811
6e33d619,1294138.3
6e33d61c,1364105.6
6e33d620,1211015.3
6e33d623,808139.7
6e33d626,1336789.1
6e33d62a,1370117.9
6e33d62c,1397562.8
6e33d62e,1053897.4
6e33d632,1315934
6e33d634,1434444.4
6e33d637,1153425.7
6e33d63d,1502822.5
6e33d643,1230626.2
6e33d645,1381608
6e33d64a,1516922.1
6e33d64e,1412775.3
6e33d651,1356976.6
6e33d656,1353466.9
6e33d659,943537.2
6e33d65b,1325090.2
6e33d65e,1199196.2
6e33d660,1339206.2
6e33d666,1374888.2
6e33d669,1352296.5
6e33d66e,1399551.1
6e33d673,1232157.7
6e33d679,1277712.7
6e33d67b,1225185.3
6e33d681,1459286.6
6e33d685,1556270.9
6e33d687,1324966.7
6e33d68b,1264550.2
6e33d68d,1483590.7
6e33d68f,1289411
6e33d694,1480921.9
6e33d699,1315148.4
6e33d69c,1458567.2
6e33d69f,1367871.9
6e33d6a2,1084444.3
6e33d6a4,1313129.6
6e33d6a7,1380737.6
6e33d6ad,1357872.8
6e33d6af,1324974
6e33d6b5,1499368.1
6e33d6ba,1425099.5
6e33d6c0,1400517.3
6e33d6c2,1184425.7
6e33d6c8,897767.8
6e33d6cb,1411285.9
6e33d6cd,853626.2
6e33d6d3,1318091.6
6e33d6d6,1390627.4
6e33d6db,1324283.1
6e33d6e1,1319746
6e33d6e6,1547204
6e33d6ec,1399285.8
6e33d6ee,1405741.1
6e33d6f4,1414903.2
6e33d6f9,1202994
6e33d6fb,1275917.1
6e33d701,1330754.2
6e33d707,1196133.6
6e33d70c,1387973.4
6e33d711,1322340.5
6e33d717,1406899.4
6e33d719,1107103
6e33d71f,1376539.4
6e33d723,1302380.4
6e33d729,1187316.4
6e33d72e,1264636.3
6e33d731,1259358.5
6e33d734,1092004
6e33d738,1321007
6e33d73c,1381418.4
6e33d73e,1186099.7
6e33d744,1396150.8
6e33d748,1383651
6e33d74a,1464719.2
6e33d74c,1163679.1
6e33d750,1114094.1
6e33d756,1128003.6
6e33d75b,936916.2
6e33d761,1422035.2
6e33d767,1236350.9
6e33d76d,1369077
6e33d76f,1224978.8
6e33d773,1433821.2
6e33d778,1496242.8
6e33d77e,1481560.8
6e33d781,1431025.3
6e33d787,1501545.8
6e33d78d,1248741
6e33d792,1576284.8
6e33d797,1341838.9
6e33d799,1376580.3
6e33d79c,1329018.2
6e33d7a0,1087009.9
6e33d7a6,1283610.5
6e33d7a9,1415353.9
6e33d7ae,1318050.5
6e33d7b1,1289372.4
6e33d7b7,1447837.2
6e33d7ba,1325837.9
6e33d7be,1380543.3
6e33d7c3,1521288.9
6e33d7c7,1251131.1
6e33d7cd,1364105.3
6e33d7d2,1435620.3
6e33d7d8,1279265
6e33d7dd,1308851.6
6e33d7e0,1221930
6e33d7e5,1273894.6
6e33d7e9,1406350.2
6e33d7ec,1330758.8
6e33d7ee,1316996.3
6e33d7f4,911932.4
6e33d7f7,1277586.7
6e33d7fb,1072750.8
6e33d7fe,1319451.7
6e33d801,1297545.5
6e33d805,1152800.8
6e33d808,1407868.5
6e33d80a,1279323.9
6e33d80c,1267390.2
6e33d811,1406951.8
6e33d817,1243991.3
6e33d81a,778190.5
6e33d820,1301003.5
6e33d822,1377921.7
6e33d825,1356385.8
6e33d827,1349933.3
6e33d829,1351038.2
6e33d82c,1310571.1
6e33d82f,1172922
6e33d833,1464249.3
6e33d838,931453.6
6e33d83a,1133680.8
6e33d83c,1300528.1
6e33d840,1334482.2
6e33d842,1123543.2
6e33d846,1374849.5
6e33d849,1432271
6e33d84d,1332504
6e33d851,1337436.1
6e33d856,1231678.1
6e33d85c,1479315.5
6e33d85f,1454895.5
6e33d863,1504848.7
6e33d865,1264988.4
6e33d869,1252244.5
6e33d86b,1250958
6e33d86f,1459406.9
6e33d871,1470334.2
6e33d873,1396271.1
6e33d876,1281452.9
6e33d87b,1324366.5
6e33d87f,1292977.4
6e33d883,1359814
6e33d889,1266509.7
6e33d88c,1507416.8
6e33d892,1430958.3
6e33d895,1346947
6e33d89b,1225473.7
6e33d89e,1285905.3
6e33d8a1,1424045.9
6e33d8a3,1203164.5
6e33d8a6,1512681.8
6e33d8ab,1051039.4
6e33d8ad,1064236.7
6e33d8b0,1240730.1
6e33d8b4,1244519.6
6e33d8b9,1264121.5
6e33d8bc,1352902.2
6e33d8bf,1382645.9
6e33d8c3,1406162.3
6e33d8c5,1060313.9
6e33d8ca,1267384.2
6e33d8cd,1387745
6e33d8d2,1319454.6
6e33d8d4,1335675.2
6e33d8d6,1259706.5
6e33d8dc,1455974.5
6e33d8e2,1073658.5
6e33d8e8,1467746.2
6e33d8ed,1139849.7
6e33d8f3,1396128.1
6e33d8f9,1324643.2
6e33d8ff,1126609.8
6e33d905,1093503.9
6e33d908,1595537
6e33d90a,1217480.4
6e33d90e,1428731.1
6e33d911,1266217.4
6e33d915,1130091.9
6e33d918,1215673.5
6e33d91a,1178452.1
6e33d91f,1471799.7
6e33d925,1207057
6e33d927,1287513.8
6e33d92d,1518622
6e33d92f,1196797.7
6e33d934,1151409.3
6e33d938,1249181.4
6e33d93c,1171680.5
6e33d93f,1494366.2
6e33d945,1421356
6e33d948,1309602.5
6e33d94a,1167555
6e33d94d,1356031.7
6e33d94f,1363136.8
6e33d951,1311453.1
6e33d957,1371456.7
6e33d95d,1533008.3
6e33d960,1189025.5
6e33d964,1221742.1
6e33d967,1493633
6e33d96b,1334806
6e33d970,1368688.3
6e33d976,1208025.2
6e33d978,1329399.8
6e33d97e,971882.8
6e33d981,1581898.3
6e33d985,1038213.3
6e33d98a,1194717.3
6e33d98e,1200671.2
6e33d991,1326828
6e33d996,909386
6e33d99a,1422848
6e33d99e,1399937.5
6e33d9a2,1430174.3
6e33d9a4,1406835
6e33d9aa,1065704.3
6e33d9af,1322987.8
6e33d9b5,1430223.3
6e33d9b8,1419323.4
6e33d9bd,1427008.9
6e33d9c2,1486543.6
6e33d9c6,1442185.3
6e33d9c9,1503203.7
6e33d9ce,1085804.3
6e33d9d3,1358084.1
6e33d9d8,1205966.5
6e33d9dd,1546231.8
6e33d9e3,903051.1
6e33d9e9,1241385.8
6e33d9eb,1212454.8
6e33d9f1,1223042
6e33d9f6,1022364.5
6e33d9f9,1457846.2
6e33d9ff,1395604.6
6e33da04,1318789.2
6e33da06,1419832
6e33da08,1371478.8
6e33da0c,1190253.3
6e33da12,1191944.1
6e33da18,1300068.1
6e33da1e,1353899.8
6e33da24,1499014.4
6e33da26,1132954.8
6e33da29,1440494.9
6e33da2c,963121.1
6e33da30,1306176.7
6e33da35,1402784.9
6e33da3b,1513601.2
6e33da41,1101873.5
6e33da46,1406472
6e33da49,1212347.8
6e33da4e,1475127.2
6e33da50,1334234.8
6e33da52,1409127.3
6e33da57,1222249.6
6e33da59,1451824.5
6e33da5e,1407505.2
6e33da60,1009160.7
6e33da63,1373795.2
6e33da65,1309998.6
6e33da68,1389887.4
6e33da6d,1340395.3
6e33da6f,1432154
6e33da75,1145736.9
6e33da7a,1385732.3
6e33da7f,1448254.6
6e33da81,1161112.9
6e33da86,1127319.7
6e33da89,1225856
6e33da8e,1107849.9
6e33da93,1452560.3
6e33da95,1133529.4
6e33da99,1236527.3
6e33da9c,1394783.2
6e33daa2,1105122.4
6e33daa6,1428143.1
6e33daa9,1222254.6
6e33daaf,1346450.3
6e33dab1,1187155.3
6e33dab3,1375426.5
6e33dab8,1344745.8
6e33dabc,1202737.2
6e33dabe,1346838.3
6e33dac1,1035876
6e33dac5,1447223.1
6e33dac7,1097427.4
6e33dacd,1403827.2
6e33dad0,1510037.4
6e33dad4,1267501.5
6e33dad7,1047008.5
6e33dada,1369642.7
6e33dadd,1285575.4
6e33dae1,1337565.1
6e33dae6,1232268
6e33dae9,1350922.9
6e33daef,1341413.5
6e33daf1,1237263.7
6e33daf4,1407078.4
6e33daf7,1270017.2
6e33daf9,1341753.8
6e33dafb,1208594.3
6e33db01,1340797.4
6e33db06,1191090.5
6e33db09,1325658.9
6e33db0d,1410286.8
6e33db0f,1461509.7
6e33db12,1326656.2
6e33db18,1517860
6e33db1d,1452678
6e33db22,1299636.9
6e33db28,1536676.4
6e33db2a,1337706
6e33db2e,1424804.5
6e33db34,1519876.1
6e33db38,1249421.2
6e33db3e,1202600
6e33db41,1368175.8
6e33db43,1451637.8
6e33db49,971622.7
6e33db4b,1527665.8
6e33db50,1125777.6
6e33db54,1430522.4
6e33db56,1204403.5
6e33db58,1168990.9
6e33db5b,1162695.9
6e33db61,1012113.7
6e33db64,1164796.9
6e33db66,1350233.5
6e33db6a,1292108.4
6e33db6e,1437184.9
6e33db71,1480684.8
6e33db75,1253006.6
6e33db79,1389637.5
6e33db7c,1223391.4
6e33db7f,1379275.5
6e33db82,1443909.2
6e33db87,1211828.3
6e33db8a,1252584.5
6e33db8f,1228507.3
6e33db93,1379137.6
6e33db98,1470568.7
6e33db9a,1208295
6e33db9c,1453516
6e33db9e,1313430.1
6e33dba0,1553525.5
6e33dba2,918276.9
6e33dba5,1460917.3
6e33dbab,1346617.1
6e33dbaf,1472313.4
6e33dbb1,1412350.7
6e33dbb7,1321735.1
6e33dbbd,949449
6e33dbbf,1560821.5
6e33dbc2,1327459.9
6e33dbc5,1153513.7
6e33dbcb,1332413.3
6e33dbcf,1180362.3
6e33dbd2,1243689.9
6e33dbd8,1524127.3
6e33dbdc,1513094.5
6e33dbe2,1491570
6e33dbe8,1417293
6e33dbee,1290234.7
6e33dbf2,1300944.8
6e33dbf4,1249093.4
6e33dbf7,1233030.2
6e33dbfc,1206429.2
6e33dc02,1444682.8
6e33dc06,1443652.7
6e33dc0b,1249763
6e33dc0e,1407698.3
6e33dc13,1267938.3
6e33dc17,943683.2
6e33dc1d,1386787.2
6e33dc21,1209747.3
6e33dc23,1326289.5
6e33dc28,1040791.7
6e33dc2a,1403873.7
6e33dc2d,1339908
6e33dc30,1322294.5
6e33dc32,1416826.4
6e33dc38,1316229.4
6e33dc3a,1362287.3
6e33dc3c,1289243.7
6e33dc3f,1428705.8
6e33dc41,1493778.4
6e33dc45,937143.2
6e33dc47,996443.9
6e33dc4d,1158271.3
6e33dc52,1408473.3
6e33dc57,1338779.5
6e33dc5a,1263876.1
6e33dc60,1358368.6
6e33dc62,983696.1
6e33dc65,1387531.3
6e33dc6b,1408585
6e33dc6e,1108079.4
6e33dc71,1290852.8
6e33dc77,1227383.9
6e33dc7d,1487916.9
6e33dc80,1288936.1
6e33dc84,1225313.1
6e33dc89,1318161.2
6e33dc8e,1450626.2
6e33dc93,1133682.1
6e33dc97,1425431.9
6e33dc9b,1380782.1
6e33dc9f,1368490.1
6e33dca4,1331987.2
6e33dca8,1446422.7
6e33dcae,1436919.1
6e33dcb3,1254704
6e33dcb7,1155972.2
6e33dcbb,1311382.8
6e33dcbd,1319002.8
6e33dcbf,1306097.7
6e33dcc2,1344040.5
6e33dcc8,1042868
6e33dccb,1242458.4
6e33dccd,1516766
6e33dcd2,1056799.3
6e33dcd8,1223767.4
6e33dcde,1224724.9
6e33dce3,1367895.6
6e33dce6,1197650.5
6e33dce9,1215367.1
6e33dced,1415003.4
6e33dcf2,1454954
6e33dcf5,1365204.9
6e33dcfb,1395388.1
6e33dd01,1252319.1
6e33dd03,1200906
6e33dd07,1466574.6
6e33dd0a,1079572.7
6e33dd0d,949885.3
6e33dd0f,1169526.5
6e33dd11,1478955.5
6e33dd13,1458742.3
6e33dd16,1234475.1
6e33dd1b,1320157.9
6e33dd1f,1326550.2
6e33dd25,1316450.7
6e33dd28,971654.2
6e33dd2e,1497291.3
6e33dd32,1262448.5
6e33dd37,1378190.3
6e33dd3a,1155513.8
6e33dd3f,1371272.1
6e33dd45,1331685.3
6e33dd4a,1483569.4
6e33dd50,1304251.3
6e33dd52,1428998.4
6e33dd58,1413887.2
6e33dd5d,1538706.8
6e33dd63,1524442.1
6e33dd66,1127561.6
6e33dd69,1284701.4
6e33dd6b,1429608.8
6e33dd6f,1253257.3
6e33dd73,1356550.5
6e33dd75,1473574
6e33dd7a,1291862
6e33dd7e,1447297
6e33dd84,1413888.1
6e33dd86,1408949.1
6e33dd8a,1372742.7
6e33dd8e,1240493.5
6e33dd92,1113656.9
6e33dd95,1266829.8
6e33dd9b,1310783.3
6e33dda1,1146346
6e33dda6,986453.4
6e33dda9,1478301.1
6e33ddab,1460520.3
6e33ddb1,1343238.5
6e33ddb3,1487031.7
6e33ddb8,1481803.8
6e33ddbd,1387344
6e33ddc2,998738
6e33ddc4,1396860.1
6e33ddc7,1396715
6e33ddca,1369531.8
6e33ddce,1349346.1
6e33ddd0,956330.2
6e33ddd5,1513797.9
6e33ddda,1055971.6
6e33dddc,1378395.4
6e33ddde,1441434.8
6e33dde1,1296950.1
6e33dde7,1305575
6e33ddea,1430675.5
6e33ddf0,1131224.4
6e33ddf6,1374859.6
6e33ddf9,895145.8
6e33ddfc,1382521.8
6e33de00,1378851.5
6e33de02,1052551.5
6e33de04,1250377.3
6e33de0a,1288184.4
6e33de0e,1450491.7
6e33de10,1238101.9
6e33de16,1268685.7
6e33de18,1269338.9
6e33de1d,1300173.9
6e33de22,1258398.8
6e33de24,1458398.3
6e33de2a,1343142.6
6e33de2f,1445678.1
6e33de35,1434443.8
6e33de3a,1281881.1
6e33de3e,1419660.5
6e33de42,1502755
6e33de47,1119599.6
6e33de4b,1566816.6
6e33de4e,1448526.6
6e33de54,881641.6
6e33de56,1589245.8
6e33de58,1048067.8
6e33de5a,1389247.6
6e33de5c,983153.4
6e33de61,1530098.9
6e33de65,1450161.6
6e33de6a,1313681.1
6e33de6e,1339378
6e33de70,1351645.1
6e33de76,1367629
6e33de7b,865977.2
6e33de80,1465820
6e33de85,1401039.8
6e33de88,1055728.9
6e33de8e,1386246.5
6e33de91,1477416.2
6e33de95,1244412.7
6e33de97,1453226.3
6e33de9b,1483545.8
6e33dea1,1395756.9
6e33dea5,1110232.6
6e33dea8,959007.7
6e33deaa,1304072
6e33dead,1139176.2
6e33deb3,1397260.7
6e33deb9,1095188.4
6e33debd,1477227.3
6e33dec1,1113167.3
6e33dec4,1623974.6
6e33dec9,1268080.2
6e33decc,1461072.5
6e33ded2,1385233.8
6e33ded7,1506183.7
6e33dedb,1230480.1
6e33dede,1508143.2
6e33dee2,1458227.9
6e33dee6,1142632.6
6e33deec,1321889.9
6e33def0,1392394.9
6e33def6,928002.6
6e33def8,1359523
6e33defc,1293869.3
6e33df02,1381994.2
6e33df04,1414281.7
6e33df07,1393065.8
6e33df0c,1312108.1
6e33df0f,1507571.3
6e33df14,1472430
6e33df19,1244099.6
6e33df1f,1341000.1
6e33df25,1390513.8
6e33df29,1345449.5
6e33df2e,1339889.6
6e33df33,1497298.4
6e33df35,1283175
6e33df39,1250831.6
6e33df3d,895262.7
6e33df41,1490385
6e33df45,1057718.6
6e33df4a,1345502.2
6e33df4e,1469929.2
6e33df54,1287975.4
6e33df58,1245137.8
6e33df5c,920960.5
6e33df62,1249247.6
6e33df64,1443035.7
6e33df68,1298985.8
6e33df6d,1241421.5
6e33df72,1451156.2
6e33df77,1156265.2
6e33df7a,1204379.8
6e33df7e,1174386.5
6e33df82,1504826.1
6e33df85,1318598.6
6e33df88,1292703
6e33df8c,1508116.4
6e33df92,1251896
6e33df94,1233371.9
6e33df99,1418240.1
6e33df9c,1364101.9
6e33df9e,1501981.1
6e33dfa4,1219261.6
6e33dfa6,1206539.2
6e33dfab,1295830
6e33dfae,1452417.9
6e33dfb2,1328571.5
6e33dfb6,1465270.1
6e33dfb8,1502310.7
6e33dfba,1138257.8
6e33dfbc,1363481.9
6e33dfbe,1450300.3
6e33dfc4,1363088.9
6e33dfc9,1477944.6
6e33dfcc,901004.4
6e33dfd2,1322383.1
6e33dfd4,1384888.1
6e33dfd7,1293965.2
6e33dfdd,1259286.8
6e33dfe1,1247082.8
6e33dfe3,1111824.6
6e33dfe6,1527449.4
6e33dfeb,1307929.6
6e33dfee,1041027
6e33dff4,1010665.9
6e33dffa,1232877.5
6e33e000,1386536.5
6e33e004,1395802.5
6e33e008,852073.5
6e33e00a,1180414.9
6e33e00f,1227243.5
6e33e014,1278550.6
6e33e019,1387031.4
6e33e01d,1367906
6e33e01f,1381583.9
6e33e023,1351038.3
6e33e027,1345877.3
6e33e02a,1295057
6e33e02c,1145671.1
6e33e032,1462767.1
6e33e034,1099103.1
6e33e038,1417991.5
6e33e03c,1400744.9
6e33e041,1277137.1
6e33e044,1536566.7
6e33e047,1192383.1
6e33e049,1570239.9
6e33e04c,1374511.2
6e33e04e,1341862.8
6e33e054,999613
6e33e057,1264154.4
6e33e05a,1433109.3
6e33e060,1257461.7
6e33e065,1181732.3
6e33e06a,1151654
6e33e06c,1431487.1
6e33e071,1501139.5
6e33e075,1379699.1
6e33e07a,1128943.9
6e33e07c,1274087.5
6e33e082,1234489.2
6e33e088,1326568.5
6e33e08d,1470911.8
6e33e093,1404119
6e33e097,1087089
6e33e09d,1334988.5
6e33e09f,1146596.6
6e33e0a4,1353130.8
6e33e0a9,1156102
6e33e0ad,911408.7
6e33e0af,1427291.5
6e33e0b2,1156503.3
6e33e0b6,1405377.1
6e33e0ba,933639.4
6e33e0bf,1220497.7
6e33e0c1,1333685.2
6e33e0c4,1257272.8
6e33e0c8,1235076.8
6e33e0cc,1514375
6e33e0d0,1364474.9
6e33e0d2,1302513.7
6e33e0d7,1333357.2
6e33e0dd,1353404.4
6e33e0e1,1528760.4
6e33e0e7,1358647.6
6e33e0ec,882740
6e33e0f0,1316398.7
6e33e0f6,1436365.6
6e33e0fb,1500433.3
6e33e0fd,1264261.2
6e33e100,925943.7
6e33e103,1084076
6e33e107,1273233.7
6e33e10b,1006772.4
6e33e10e,1381576.2
6e33e112,1414782
6e33e118,1515972.7
6e33e11b,1306415.6
6e33e121,1420821.7
6e33e127,1311049.2
6e33e12a,1263778.4
6e33e130,1443280.9
6e33e134,1009021
6e33e13a,1413649
6e33e140,1117524.7
6e33e145,1272094.5
6e33e149,1221531.3
6e33e14b,1196798
6e33e14e,939216.1
6e33e150,1331386.9
6e33e156,1262148.2
6e33e158,1045517
6e33e15c,1538611.1
6e33e15f,1260204.4
6e33e162,1506420.8
6e33e164,1439627.7
6e33e166,1364691
6e33e16b,964286.7
6e33e16f,1304344.8
6e33e174,1028120.2
6e33e179,1415471.5
6e33e17d,1136476.1
6e33e17f,1271273.8
6e33e182,1270170.6
6e33e184,1424714.9
6e33e187,1365184.5
6e33e189,1432766
6e33e18c,1300527.4
6e33e190,1301382.1
6e33e195,1221502.3
6e33e199,1408549.5
6e33e19b,1336211.6
6e33e1a1,1259213.4
6e33e1a3,1426647.9
6e33e1a6,1443474.3
6e33e1ac,1476287.7
6e33e1b1,1195313.7
6e33e1b3,1310884.5
6e33e1b8,1236898.3
6e33e1bb,977440.9
6e33e1bf,1283401.7
6e33e1c3,1323554
6e33e1c6,1391946.2
6e33e1c9,1437632.9
6e33e1cc,1475201.4
6e33e1d0,1473698.3
6e33e1d4,1327586.6
6e33e1d6,1330337.9
6e33e1dc,1391293.8
6e33e1e0,1206203.5
6e33e1e4,1200408.7
6e33e1e6,1176798.4
6e33e1e9,1341417.4
6e33e1eb,1348300.6
6e33e1f0,1434053.1
6e33e1f4,1075892.9
6e33e1f8,1286968.6
6e33e1fa,1412302.6
6e33e200,1153431.1
6e33e203,1298898.6
6e33e209,1490435.2
6e33e20c,1385055.6
6e33e20f,1025491.3
6e33e214,1478539.9
6e33e218,1305710.5
6e33e21b,1295964.3
6e33e221,1303831.7
6e33e223,1200156.3
6e33e229,1374845.9
6e33e22b,1317964.2
6e33e231,1435547.4
6e33e237,1289407.5
6e33e23a,929699.4
6e33e23f,1217643.9
6e33e241,1429841.4
6e33e247,1250245.5
6e33e24b,1352760.5
6e33e250,1357587.4
6e33e254,1031497.7
6e33e259,1460006.1
6e33e25e,1430137.5
6e33e262,1472784.4
6e33e267,1448435.3
6e33e26a,1339907
6e33e26d,1487105.4
6e33e270,1463791.4
6e33e275,1468333
6e33e278,801656
6e33e27e,1382897.8
6e33e284,1039589.3
6e33e28a,1359761.9
6e33e28c,1154862.5
6e33e292,972474.7
6e33e297,1504549.4
6e33e299,1312333.9
6e33e29f,986747.7
6e33e2a1,1346290.3
6e33e2a7,1191016.5
6e33e2ad,1406191.4
6e33e2b1,1015261.4
6e33e2b5,1051678.2
6e33e2ba,1438195
6e33e2be,1367337.1
6e33e2c0,1134298.1
6e33e2c6,1116188.2
6e33e2ca,1268993.8
6e33e2ce,1401144.8
6e33e2d1,1321310.5
6e33e2d3,1119224.1
6e33e2d5,1415466.1
6e33e2da,1417498.6
6e33e2dd,1162600.7
6e33e2e0,1244594.9
6e33e2e3,1347151.7
6e33e2e5,1106492.3
6e33e2ea,1404913.8
6e33e2f0,1297678.5
6e33e2f6,1432066.3
6e33e2f9,1110980.6
6e33e2fd,1224746.3
6e33e302,1443826.5
6e33e307,1464475.2
6e33e30b,1225636
6e33e310,1370931.1
6e33e314,1229402.2
6e33e319,1335963.7
6e33e31c,1442491.2
6e33e31e,1219096.5
6e33e324,1194925.5
6e33e329,1277891.5
6e33e32e,1490426.6
6e33e333,881430.7
6e33e338,1563859
6e33e33d,1364036.4
6e33e33f,1504156.3
6e33e342,1168006.6
6e33e344,1339863
6e33e347,1022447.6
6e33e34c,1135637.3
6e33e352,1475134
6e33e357,1407246
6e33e35d,1219045.3
6e33e361,1157662.5
6e33e365,1502260.8
6e33e36b,1268933.7
6e33e36d,1520963.2
6e33e371,1348570.9
6e33e373,1474425.4
6e33e376,1424850.9
6e33e378,1312279.9
6e33e37c,1308917.2
6e33e37f,1377522.3
6e33e383,1249758.5
6e33e385,1265497.4
6e33e38a,1407951.6
6e33e38f,974708.9
6e33e391,1448548.4
6e33e395,1294540
6e33e39a,1208115.9
6e33e39c,1159002.6
6e33e3a1,1269823.2
6e33e3a5,1283993.9
6e33e3ab,1307392.2
6e33e3b1,1393323.4
6e33e3b3,1358329.8
6e33e3b9,1328080.8
6e33e3bf,1429363.9
6e33e3c1,1165926.3
6e33e3c7,1158168
6e33e3cc,1090468.2
6e33e3d2,1452077.2
6e33e3d8,1108712.7
6e33e3dd,1061808
6e33e3e1,1292166.3
6e33e3e4,1299170.7
6e33e3e8,1219284.6
6e33e3ea,1297357.6
6e33e3ed,1589331.1
6e33e3ef,1369196.2
6e33e3f1,1450369.3
6e33e3f7,1358368.2
6e33e3fa,1191918
6e33e3ff,1390077.8
6e33e401,1134179.8
6e33e403,1234731.6
6e33e406,1424047.1
6e33e409,1407206.8
6e33e40f,1349023.5
6e33e411,1313568.7
6e33e415,1041177
6e33e41b,916000.5
6e33e41f,1047693.7
6e33e421,1046388
6e33e427,990610.9
6e33e42b,1527289.2
6e33e42d,1142260.6
6e33e42f,1445399.5
6e33e431,1455884.4
6e33e433,1341373.5
6e33e437,1230768.9
6e33e43d,1422954.8
6e33e440,1513602.5
6e33e442,1395723.3
6e33e444,1100767.9
6e33e447,1310579.9
6e33e44d,1351301.8
6e33e44f,1273149.1
6e33e453,1385902.8
6e33e458,1231313.5
6e33e45d,1155070.8
6e33e462,1252128
6e33e464,1404242
6e33e467,1410027.5
6e33e46c,1241944.4
6e33e46f,1450524.4
6e33e473,1256704.3
6e33e476,1218157.8
6e33e47a,1055033.9
6e33e47f,953390
6e33e485,1411483.6
6e33e48a,1457360.4
6e33e48d,1473700.7
6e33e48f,1392919.4
6e33e492,1480794.1
6e33e497,1501762.4
6e33e49d,1091489.6
6e33e4a1,1496885.7
6e33e4a6,1402423
6e33e4a9,1011355.4
6e33e4ad,1314881.9
6e33e4b1,1426156.7
6e33e4b3,1345316
6e33e4b5,1352344.6
6e33e4b9,1233801.2
6e33e4be,1440949.3
6e33e4c3,1535155.8
6e33e4c8,1189604.1
6e33e4cd,1193066.7
6e33e4cf,1539953.4
6e33e4d1,1144141
6e33e4d4,1048213.2
6e33e4d7,1394851
6e33e4d9,1561392.2
6e33e4db,1374631.5
6e33e4e1,1246571.8
6e33e4e3,1314388.5
6e33e4e9,1175600.9
6e33e4ef,1482169.9
6e33e4f5,1106697.1
6e33e4fb,1240839.3
6e33e4ff,1441169.6
6e33e501,809860
6e33e505,1481627
6e33e50b,1451601.5
6e33e50e,1326028.9
6e33e511,1550824.8
6e33e516,1435556.3
6e33e51a,1536492.3
6e33e520,1293970.8
6e33e526,1206570.2
6e33e528,1306778.6
6e33e52e,1280489.1
6e33e533,1148480.3
6e33e535,1353727.6
6e33e53b,1455481.2
6e33e53e,1401150.7
6e33e540,1482508.2
6e33e542,1151687.1
6e33e547,1405315.5
6e33e549,1006122.1
6e33e54d,1033652.5
6e33e553,1182853
6e33e558,1458860.4
6e33e55e,1402044.1
6e33e563,1432829.6
6e33e568,1183331
6e33e56a,1265833.2
6e33e56c,1294805
6e33e56e,1153003.8
6e33e573,953051.5
6e33e579,1382268.9
6e33e57b,1305276.8
6e33e581,985066.9
6e33e583,1486735.2
6e33e587,1289358
6e33e589,1279065.1
6e33e58c,1407665.3
6e33e591,1069082.3
6e33e596,1528242.3
6e33e59b,1269917.4
6e33e59e,1398387.7
6e33e5a2,1470903.8
6e33e5a8,1342393.5
6e33e5aa,1511312.2
6e33e5ad,1103272.9
6e33e5b3,1400413.7
6e33e5b8,1409278.5
6e33e5bd,1147924.1
6e33e5c2,1390177.3
6e33e5c4,1294636.2
6e33e5c9,1317671.2
6e33e5cf,1038193.2
6e33e5d3,1374233.1
6e33e5d8,1197157.4
6e33e5db,1177681.8
6e33e5de,1388577.1
6e33e5e3,1382466.4
6e33e5e8,1065451.8
6e33e5ee,1548865.6
6e33e5f4,1013827.9
6e33e5f9,1249914.4
6e33e5fc,1187137.6
6e33e602,1498149.6
6e33e606,1258582.2
6e33e60c,1250236.6
6e33e60f,1298077.9
6e33e612,1482315.5
6e33e618,1297151.4
6e33e61c,1571442.7
6e33e622,1506710.7
6e33e628,1160578.2
6e33e62d,1467093.9
6e33e632,1269697.4
6e33e634,1437350.8
6e33e638,1326274.1
6e33e63b,1199699.6
6e33e640,1494039.2
6e33e644,1411608.2
6e33e649,1199418
6e33e64e,963585.9
6e33e650,1387391.1
6e33e655,1419914.8
6e33e659,1514594.6
6e33e65d,1344169.9
6e33e662,1334055.7
6e33e667,1463055.9
6e33e66a,1240632.2
6e33e670,1311844.8
6e33e673,1219291.8
6e33e675,1409073
6e33e678,1258914.4
6e33e67d,1404785.7
6e33e681,1550880.6
6e33e684,1543100.6
6e33e688,1430542.5
6e33e68e,1185196.3
6e33e694,1304137.1
6e33e696,1058172.5
6e33e699,1091420.6
6e33e69f,1464178.9
6e33e6a1,1483104.6
6e33e6a4,1414470.8
6e33e6a6,1479291.2
6e33e6a9,1444875.6
6e33e6ad,1125038.4
6e33e6b3,1479885.6
6e33e6b7,1401303.1
6e33e6bb,1486367.3
6e33e6c0,1004057.1
6e33e6c4,1351373.6
6e33e6c6,1470356.8
6e33e6c9,1245244.8
6e33e6ce,1238429.3
6e33e6d3,1440682
6e33e6d5,1023516.6
6e33e6d7,1122438.7
6e33e6d9,1373954.1
6e33e6dd,1464983.8
6e33e6df,1326863.4
6e33e6e3,1239616.5
6e33e6e8,1431836.1
6e33e6ed,1326652.5
6e33e6f2,1410732.5
6e33e6f8,1414317.6
6e33e6fd,1228438.4
6e33e702,1377893.4
6e33e708,941569.6
6e33e70d,1119286.7
6e33e710,1429966.4
6e33e714,1244544.7
6e33e71a,1230708.8
6e33e71c,1471095.2
6e33e71e,1281231.5
6e33e720,1209361.5
6e33e723,878286.3
6e33e729,943061.3
6e33e72e,1467512.7
6e33e732,1388841
6e33e736,1145627.2
6e33e73b,1354076.8
6e33e73f,1065613.3
6e33e741,1312705.4
6e33e743,1097176.9
6e33e749,1306645.4
6e33e74e,920505.4
6e33e752,1484398.7
6e33e754,1263577.4
6e33e758,1322478.5
6e33e75c,1470112
6e33e760,1233673
6e33e764,1056093.2
6e33e769,1199488.5
6e33e76d,1541870.3
6e33e773,1164740.8
6e33e777,950789.2
6e33e77d,1085774.2
6e33e782,1263681.2
6e33e786,1107791.7
6e33e78a,1428119.4
6e33e790,1446128.8
6e33e795,1483177.7
6e33e799,1343161.6
6e33e79c,1068199.8
6e33e7a1,1409394.4
6e33e7a4,1540867.4
6e33e7a7,1013025.4
6e33e7aa,1328809.8
6e33e7ae,1300242.6
6e33e7b3,1470707.4
6e33e7b6,1450290.6
6e33e7b8,1266439.3
6e33e7ba,1208944.3
6e33e7be,985055.3
6e33e7c1,1313577.9
6e33e7c5,1120365.9
6e33e7cb,1423573.8
6e33e7cf,1115565.5
6e33e7d2,1163707.4
6e33e7d6,1056080.7
6e33e7d8,911916.5
6e33e7db,1224176.4
6e33e7de,1378434.5
6e33e7e3,1046234.8
6e33e7e7,1312508.2
6e33e7e9,924478.9
6e33e7ee,1026466.9
6e33e7f3,1225843.4
6e33e7f8,1301366.5
6e33e7fd,1439510.7
6e33e803,1434787.9
6e33e809,1502352.8
6e33e80b,1506545.7
6e33e80d,1114242.3
6e33e812,1400913.1
6e33e814,1386185.7
6e33e81a,1443276.4
6e33e81f,1239192.1
6e33e824,1424471.4
6e33e826,1461171.3
6e33e82c,1263264.5
6e33e831,1278319
6e33e835,1373034.1
6e33e838,1277177.5
6e33e83d,1420733.4
6e33e841,1451353.8
6e33e845,1563893.7
6e33e849,1395915.5
6e33e84f,1355998
6e33e855,1207892.5
6e33e859,1264184.9
6e33e85f,1391463.5
6e33e862,905703.7
6e33e865,973417.6
6e33e868,1190595.7
6e33e86c,1376542.3
6e33e872,1351898.6
6e33e874,1217412.9
6e33e877,1201198.9
6e33e87d,943899.7
6e33e882,1385568.5
6e33e886,1289227.8
6e33e88a,1484995.5
6e33e88c,1555029.4
6e33e88e,1157709.7
6e33e893,1277358.9
6e33e898,1225440.5
6e33e89a,1154310.5
6e33e89d,1284636.3
6e33e89f,1436166.3
6e33e8a4,1317590.6
6e33e8a8,1279383.9
6e33e8ae,1326170.4
6e33e8b0,1120653.8
6e33e8b2,1442170
6e33e8b6,1336528.9
6e33e8b8,1224042
6e33e8bd,1329250.7
6e33e8bf,1199751.2
6e33e8c3,1256443.4
6e33e8c8,1482311.9
6e33e8cb,1299086.6
6e33e8d0,1330235.5
6e33e8d3,1264109.4
6e33e8d7,1438521.3
6e33e8dd,1173471.6
6e33e8df,1431959
6e33e8e3,1131031
6e33e8e9,1506808.1
6e33e8ec,1428073.3
6e33e8f0,1315526.1
6e33e8f3,972325.6
6e33e8f5,1454326.5
6e33e8f9,1312933.3
6e33e8ff,1520117.9
6e33e904,1393035.6
6e33e906,1279449.8
6e33e90c,1382921.1
6e33e911,866935.4
6e33e916,1301370.6
6e33e919,1435226.6
6e33e91f,1436166.3
6e33e925,1334924.7
6e33e928,1167795
6e33e92e,1570092.2
6e33e932,876340.6
6e33e934,1135428.2
6e33e939,1185703.2
6e33e93d,1495441.7
6e33e942,1172525.2
6e33e947,1291408.6
6e33e94c,1114683.8
6e33e952,1511245.9
6e33e957,1398964.7
6e33e959,1195994.6
6e33e95f,1232712
6e33e963,1488472.5
6e33e967,965584.6
6e33e96a,1140721.5
6e33e96e,1382623.7
6e33e973,1364718.2
6e33e977,1218354.1
6e33e97c,1331442.9
6e33e982,1484936.7
6e33e988,1406422.4
6e33e98e,1015306.3
6e33e991,1487391.5
6e33e996,1437645.1
6e33e998,1312374.1
6e33e99b,1400487.2
6e33e9a0,1481737.3
6e33e9a6,1172124.5
6e33e9aa,1296107.8
6e33e9af,1092649.1
6e33e9b2,1502893.4
6e33e9b8,1300408.5
6e33e9bd,1512990.5
6e33e9c3,1258521.5
6e33e9c6,1153464.8
6e33e9cc,1285979.4
6e33e9d2,1264311.9
6e33e9d8,1420388.9
6e33e9db,1388718.5
6e33e9de,1271422.3
6e33e9e2,1441484.5
6e33e9e5,1363879.9
6e33e9ea,1175831.8
6e33e9ee,1422859.8
6e33e9f3,1273907
6e33e9f7,1442950
6e33e9fd,1234795.3
6e33ea03,1391919.9
6e33ea09,1442285
6e33ea0b,1235299.6
6e33ea0f,926989.6
6e33ea15,1402799
6e33ea1b,1368653.7
6e33ea21,1426991.1
6e33ea25,1379140.5
6e33ea29,1216111.1
6e33ea2d,918300.1
6e33ea2f,1279548.4
6e33ea32,1561609.2
6e33ea37,1087431.6
6e33ea3d,1055563.2
6e33ea42,1227243.7
6e33ea47,1031541.9
6e33ea4a,1536060.7
6e33ea4d,1048386.9
6e33ea4f,1247433.8
6e33ea53,1285220.7
6e33ea59,1281923.4
6e33ea5d,1539161.7
6e33ea63,1248714.9
6e33ea69,1493419.9
6e33ea6c,1498992.9
6e33ea6e,1238501.9
6e33ea72,1506593
6e33ea75,1317223.1
6e33ea78,1545993.5
6e33ea7a,1322106.7
6e33ea7c,1444662.7
6e33ea7e,1110700.6
6e33ea84,1245844
6e33ea87,1176042.5
6e33ea89,1459850.1
6e33ea8c,1221028.4
6e33ea8f,1091815
6e33ea94,976060.2
6e33ea97,1462506.9
6e33ea9d,1259039.8
6e33ea9f,1428898.1
6e33eaa1,1492156.7
6e33eaa3,1254808.2
6e33eaa9,1444913.4
6e33eaae,1198394.6
6e33eab0,1369142
6e33eab3,1288241.6
6e33eab6,1233597.9
6e33eabb,1342450
6e33eabe,1275607.4
6e33eac3,1380239.9
6e33eac6,1424640
6e33eacb,1424845.9
6e33eacd,1124161
6e33ead0,1309495.6
6e33ead6,1109611
6e33eada,896225.1
6e33eade,1318374.7
6e33eae0,1311881.3
6e33eae5,1461223.7
6e33eae7,1316100
6e33eaec,1461150
6e33eaef,1431893.5
6e33eaf5,1547095.3
6e33eafa,1385767.7
6e33eaff,1451809.3
6e33eb01,1417831.3
6e33eb06,1311529.6
6e33eb08,1373558.5
6e33eb0e,964820.4
6e33eb10,1049872.5
6e33eb16,1172247
6e33eb1b,1271019.9
6e33eb1d,1266361.8
6e33eb20,1288689.6
6e33eb22,1398375.8
6e33eb28,1398928.7
6e33eb2c,1366742.5
6e33eb31,1293024.4
6e33eb37,1279438.7
6e33eb3c,1255301.5
6e33eb42,1300764.6
6e33eb44,997605.9
6e33eb4a,1482243.2
6e33eb4d,1190131.5
6e33eb4f,1368346.1
6e33eb52,877238.5
6e33eb56,1337395.1
6e33eb58,1516586.5
6e33eb5d,1436516
6e33eb63,1361402.4
6e33eb66,1366819.9
6e33eb68,1468348.7
6e33eb6c,1134618.9
6e33eb6e,1405176.8
6e33eb73,1554940.7
6e33eb79,1418273.1
6e33eb7b,1058542.7
6e33eb7d,845896.4
6e33eb82,1364204.2
6e33eb84,1461418.5
6e33eb88,1359642.7
6e33eb8a,1269835.5
6e33eb8d,1040065.4
6e33eb91,1568425.8
6e33eb96,1341819.3
6e33eb98,1396426.7
6e33eb9b,876896.7
6e33eba1,886781.2
6e33eba3,1254492.2
6e33eba9,1115556.4
6e33ebae,1180395.7
6e33ebb3,1454886.5
6e33ebb5,1402975.5
6e33ebb7,1225995.9
6e33ebb9,1239581.5
6e33ebbe,1401717.4
6e33ebc0,1364878
6e33ebc3,1442149.7
6e33ebc7,1418823.2
6e33ebcb,1397191.8
6e33ebd0,1406597.5
6e33ebd2,1407964.1
6e33ebd6,1362039.9
6e33ebdb,1406830
6e33ebe1,1157720.5
6e33ebe3,1181773.3
6e33ebe6,845363.7
6e33ebe9,1327931.2
6e33ebef,1186393.6
6e33ebf5,1357852.4
6e33ebf8,1578196.6
6e33ebfd,1092773.8
6e33ec01,1351603.8
6e33ec04,1155436
6e33ec06,1192556.7
6e33ec0b,1235826.2
6e33ec0d,1324934.6
6e33ec12,1232035.8
6e33ec16,1388484.1
6e33ec19,1310944.9
6e33ec1f,1403219.2
6e33ec25,1537845.3
6e33ec2b,890654.7
6e33ec2f,1057927
6e33ec35,1432163.7
6e33ec39,1105015.1
6e33ec3d,1458767.4
6e33ec43,1032860.5
6e33ec49,1163696.4
6e33ec4e,1142257.5
6e33ec52,1405408.6
6e33ec54,1363551.6
6e33ec59,1473774.4
6e33ec5c,1226225.4
6e33ec5e,1412808.1
6e33ec61,1434490.6
6e33ec63,1367990.3
6e33ec69,1277509
6e33ec6b,1318045.7
6e33ec6e,1383514.9
6e33ec71,1263905.4
6e33ec73,1177147.5
6e33ec79,1205445.7
6e33ec7d,1406077.8
6e33ec81,1283717.1
6e33ec85,1370981.1
6e33ec87,1219679.1
6e33ec89,1373849.5
6e33ec8d,1463290.7
6e33ec92,1078231.9
6e33ec96,1188067.2
6e33ec9c,1005634.8
6e33eca1,1187049.9
6e33eca3,1355523.6
6e33eca6,1358994.2
6e33ecaa,1309354.8
6e33ecac,1383321.3
6e33ecaf,1101664.5
6e33ecb5,1208172.6
6e33ecb8,1379742.7
6e33ecbd,1228735.8
6e33ecc1,1291930.6
6e33ecc7,1011809.4
6e33eccd,1447738.1
6e33ecd0,1415081.6
6e33ecd6,1396370.2
6e33ecdb,1369732.4
6e33ecde,1436311.5
6e33ece1,1445132.3
6e33ece3,1363908.5
6e33ece7,1212747.5
6e33ecea,1377024.9
6e33ecec,1244364.2
6e33ecf2,1478810.5
6e33ecf7,1450160.5
6e33ecfd,1398197.8
6e33ecff,1525557.1
6e33ed04,1310404.9
6e33ed07,1085459.4
6e33ed0a,1365574.4
6e33ed0f,1358420
6e33ed14,1223560.1
6e33ed19,1270990.9
6e33ed1d,1029965.5
6e33ed1f,1481383.9
6e33ed21,1244831.4
6e33ed26,1442829.4
6e33ed2c,1422754.3
6e33ed32,1349397.5
6e33ed35,1187527.6
6e33ed38,1488524.6
6e33ed3d,1426427.8
6e33ed40,1257759.6
6e33ed42,1398913.7
6e33ed48,1174156.4
6e33ed4d,967099.3
6e33ed52,1279172.4
6e33ed55,1006523.1
6e33ed58,1412700.7
6e33ed5a,1437208.2
6e33ed5e,1190498.9
6e33ed64,1346849
6e33ed66,1427247.3
6e33ed69,1464407.3
6e33ed6b,1450035.7
6e33ed6d,1248902.3
6e33ed71,1533604.1
6e33ed75,1489950.4
6e33ed7a,1324339.8
6e33ed7e,1268271.9
6e33ed80,1022025
6e33ed83,1327574.9
6e33ed85,1284210.6
6e33ed89,1369956.1
6e33ed8c,1385850.8
6e33ed8e,1474864
6e33ed91,1397148.4
6e33ed93,1343777.6
6e33ed99,1252802.3
6e33ed9b,909866.6
6e33eda1,1523229.6
6e33eda3,1348008.8
6e33eda6,1289772.3
6e33edab,1299328.2
6e33edb0,1446812.1
6e33edb4,1394615.9
6e33edb6,1395394.4
6e33edb8,1371857.7
6e33edbc,1405322.2
6e33edc1,1089243.5
6e33edc6,1421041.8
6e33edc9,1415859.9
6e33edcf,1384124.4
6e33edd3,1010667.9
6e33edd5,1407418.9
6e33edd8,1469973.1
6e33eddb,1337692.4
6e33edde,1260961.7
6e33ede0,1153555
6e33ede6,1143636.4
6e33ede8,1339354.6
6e33edee,1382178.8
6e33edf0,981347.8
6e33edf5,1509538.1
6e33edf9,1453281.2
6e33edfb,1303121.8
6e33edfd,1043846.2
6e33ee00,1459084.7
6e33ee05,985087.5
6e33ee0b,1335465.7
6e33ee0d,1298362.1
6e33ee13,1254033.6
6e33ee17,1151112.5
6e33ee1d,1244700.9
6e33ee20,1241340.1
6e33ee23,910085.9
6e33ee25,1354345.8
6e33ee2a,1408247.3
6e33ee2d,1391092.8
6e33ee2f,1441019.1
6e33ee34,1227169.6
6e33ee37,1406354.2
6e33ee3b,1368203.8
6e33ee3d,1490148.3
6e33ee3f,1141605.2
6e33ee41,1356556.6
6e33ee47,1504683.4
6e33ee4a,1098327
6e33ee4c,1406058.4
6e33ee51,1201332.9
6e33ee54,1258288.2
6e33ee59,1414325.5
6e33ee5b,1352813.4
6e33ee61,1357631.6
6e33ee66,1438996
6e33ee6b,1377702.1
6e33ee70,1399774
6e33ee74,1475903.3
6e33ee77,970516.8
6e33ee7c,1433156.7
6e33ee7f,1175556.6
6e33ee84,1462336.1
6e33ee88,1302976.2
6e33ee8d,1306282.3
6e33ee93,1125002.9
6e33ee97,1067245.3
6e33ee9a,1437915.5
6e33ee9c,1353965.7
6e33ee9f,1191841.2
6e33eea3,1491998.2
6e33eea6,1569986.4
6e33eeab,1203926.8
6e33eeaf,1499859.4
6e33eeb3,1070640
6e33eeb5,1340784.1
6e33eeb7,1547836.2
6e33eeba,1168413.1
6e33eec0,1546071.8
6e33eec2,1409532.8
6e33eec6,1471657.2
6e33eecc,1097095.6
6e33eed2,1431258.6
6e33eed7,1419907.8
6e33eedb,949576.9
6e33eee1,1291668.5
6e33eee6,945354.1
6e33eeec,1103217.9
6e33eef0,1348635.2
6e33eef6,1445939.5
6e33eefb,1489348.5
6e33ef00,1324640.5
6e33ef05,1261748.8
6e33ef0b,1238239.8
6e33ef10,1248916
6e33ef16,1279151.9
6e33ef1a,1486097.2
6e33ef1f,1124244.2
6e33ef21,1495244.1
6e33ef23,1354282.7
6e33ef29,1426617.1
6e33ef2d,1410536.2
6e33ef33,1187268.5
6e33ef35,1320691.5
6e33ef3a,1129592.8
6e33ef3f,1119626.2
6e33ef43,1356215.7
6e33ef47,1418597.1
6e33ef4d,1065943.2
6e33ef50,1452563
6e33ef53,1340401.3
6e33ef55,1295157.2
6e33ef59,1394185.6
6e33ef5b,1224429.4
6e33ef5f,1390533.2
6e33ef63,1401444.5
6e33ef69,1286692.5
6e33ef6c,1392506.3
6e33ef71,1296790.1
6e33ef75,1186909.6
6e33ef79,1503400.8
6e33ef7b,1414707.5
6e33ef80,1339557.7
6e33ef85,1377470
6e33ef8a,1267930.2
6e33ef8c,1200397.6
6e33ef90,1393743.6
6e33ef93,1439048.9
6e33ef98,951812.5
6e33ef9e,1430064.7
6e33efa1,1463781.1
6e33efa7,1407585.5
6e33efa9,999567.7
6e33efad,1436592.2
6e33efb1,1291842.5
6e33efb6,1425218.1
6e33efbc,1361488
6e33efbe,1239282.5
6e33efc1,1045354.4
6e33efc7,1301407.3
6e33efcc,1171320.9
6e33efcf,1083909.5
6e33efd4,1290024.7
6e33efd9,1469299.7
6e33efdd,1410315.5
6e33efdf,1370455.8
6e33efe3,1257601.4
6e33efe5,1456553.7
6e33efe7,1461372.8
6e33efea,1316513.9
6e33efec,1127732.1
6e33efee,1071720.5
6e33eff3,1371857.4
6e33eff8,1312994.9
6e33effd,1434471.4
6e33f002,1303436.8
6e33f005,1472236.6
6e33f00a,1244735.2
6e33f010,1405612.1
6e33f016,1312634.4
6e33f01a,1012080.7
6e33f01e,1257496.4
6e33f020,1260124.2
6e33f026,1469633.9
6e33f028,1045939.4
6e33f02d,1366646
6e33f032,1391313.4
6e33f034,1462051.4
6e33f03a,1416904.5
6e33f040,1380231.3
6e33f043,1434696.7
6e33f048,1471360.3
6e33f04b,1389617.9
6e33f04f,1121240.9
6e33f054,1496053
6e33f057,1302369.7
6e33f05c,1518060.7
6e33f062,1547792.4
6e33f067,1271369.6
6e33f06c,1403570.3
6e33f070,1161860.6
6e33f074,1510247.9
6e33f077,1399108
6e33f079,1473155.7
6e33f07d,1428279.8
6e33f082,1135803.2
6e33f084,967555.5
6e33f089,1142565.1
6e33f08d,1160917.8
6e33f08f,1067933.2
6e33f095,1180440.1
6e33f09a,1323719
6e33f09d,1231207.7
6e33f0a0,1335652
6e33f0a2,1356211
6e33f0a5,1413322.8
6e33f0aa,1024395.9
6e33f0ae,1417139.4
6e33f0b1,1295674.9
6e33f0b6,1481336.2
6e33f0b8,1497685.6
6e33f0bd,1075600.1
6e33f0c2,1384458.9
6e33f0c6,1205076.8
6e33f0cc,1178946.3
6e33f0d2,1269064.9
6e33f0d4,1283479.9
6e33f0d8,1162859.2
6e33f0de,1435232.4
6e33f0e3,1498895.4
6e33f0e6,1451308.1
6e33f0e8,1083649.7
6e33f0ed,1323156.9
6e33f0f2,1292319.7
6e33f0f6,950207
6e33f0fc,1176704.1
6e33f102,1221595.5
6e33f108,1326631.4
6e33f10d,1349791.2
6e33f113,1457650.8
6e33f116,1488182.9
6e33f11c,1466345.7
6e33f122,1317655.1
6e33f125,1022094.5
6e33f12a,1482232.3
6e33f12d,1230384.6
6e33f133,1173444
6e33f135,1185431
6e33f13a,1224682.7
6e33f13c,1527218.3
6e33f13f,1497823
6e33f144,1475389.9
6e33f146,1070406.2
6e33f14c,1298037.1
6e33f14e,1473114.2
6e33f153,1211990.7
6e33f155,1370339.6
6e33f15b,1354207.8
6e33f160,1113194.8
6e33f166,1468525.3
6e33f16c,1317747.6
6e33f16e,1269481.5
6e33f172,1070828.1
6e33f175,1189734.1
6e33f17b,1360960
6e33f17e,1118855.7
6e33f184,1365314.8
6e33f188,1447610
6e33f18b,1474119.8
6e33f18d,1149898.5
6e33f192,1323871.5
6e33f197,1086479
6e33f19c,819093.7
6e33f19e,1212692.5
6e33f1a3,1395395
6e33f1a9,1242936.4
6e33f1ab,1256244.6
6e33f1ad,1442929.7
6e33f1af,1347502.1
6e33f1b4,1103049.6
6e33f1ba,1261625.8
6e33f1bd,1229223.9
6e33f1c2,1322540.4
6e33f1c4,1446322.4
6e33f1c9,1203755
6e33f1cf,1355071.8
6e33f1d5,1460539
6e33f1da,1279568.9
6e33f1de,1435628.7
6e33f1e1,1294541.8
6e33f1e6,1218296.8
6e33f1ea,1345484
6e33f1ee,1277952.6
6e33f1f0,985939.5
6e33f1f6,1351352.9
6e33f1f8,1158250.3
6e33f1fc,1154760.7
6e33f202,1363809.7
6e33f208,1344137.7
6e33f20d,1304800.9
6e33f212,1354896.8
6e33f215,1019967.1
6e33f218,1405209
6e33f21c,1406445.4
6e33f21e,1430973
6e33f222,1440621.3
6e33f225,1494053.3
6e33f227,1445841.2
6e33f22c,1353730.3
6e33f22f,1545956.4
6e33f233,1275916.3
6e33f239,1202243
6e33f23e,1136619.8
6e33f242,1170572.1
6e33f245,1449217.7
6e33f247,1242424.9
6e33f24d,1399300.9
6e33f253,1145641.9
6e33f255,1433545.5
6e33f25a,1235638.5
6e33f25f,1345411
6e33f263,1431075.4
6e33f269,1255964.8
6e33f26b,1045452.9
6e33f271,1250871.4
6e33f273,1488761.4
6e33f277,1086298.3
6e33f27d,1499036.4
6e33f283,1118416.2
6e33f288,1192168.9
6e33f28b,893837.1
6e33f290,1493103.5
6e33f296,1346149.1
6e33f29c,1409781.6
6e33f29f,1506406.6
6e33f2a4,1331091.5
6e33f2a7,1263664
6e33f2ad,1011882.5
6e33f2b0,1139178
6e33f2b3,1519920.8
6e33f2b9,949617.3
6e33f2bb,1466857.5
6e33f2bd,1301669.4
6e33f2c0,1368702.5
6e33f2c2,1389776.7
6e33f2c7,1035681.9
6e33f2cc,1189365.7
6e33f2d2,1495283.5
6e33f2d6,1094390.6
6e33f2dc,1277484.1
6e33f2e0,1239166.9
6e33f2e4,1381550.2
6e33f2e7,1467342.1
6e33f2e9,1342217.1
6e33f2ef,1263340.4
6e33f2f4,1404567.1
6e33f2f7,1225923.3
6e33f2fa,1473190
6e33f2fc,1049137.7
6e33f302,1187278.9
6e33f304,1454040.7
6e33f307,1435617.4
6e33f30d,1338211.7
6e33f311,1372157.5
6e33f315,1413917.1
6e33f318,1259985.8
6e33f31b,1490861.4
6e33f321,1428708.8
6e33f327,1333990.8
6e33f32d,1393081.9
6e33f332,1454048.1
6e33f334,1284300.8
6e33f338,1385833.9
6e33f33d,1348710.1
6e33f341,1504971.5
6e33f346,1541581.1
6e33f348,1412432.9
6e33f34e,1348124.3
6e33f351,1148761.1
6e33f354,1340737.5
6e33f356,1093006.5
6e33f35c,1184704.3
6e33f35f,1495075.4
6e33f361,1151023.2
6e33f366,1333391.4
6e33f36c,1409676.5
6e33f370,1377119.5
6e33f374,1252900
6e33f379,1417537
6e33f37c,1343376.5
6e33f37f,1346915.6
6e33f385,1014148.3
6e33f38a,1542942.4
6e33f38c,1364839.1
6e33f391,1339659.7
6e33f396,1298764.3
6e33f39c,1312546.8
6e33f3a1,1085846.6
6e33f3a6,1281316.8
6e33f3a8,1166713.4
6e33f3ac,1492361
6e33f3b0,1381914.1
6e33f3b2,1419736.3
6e33f3b6,1456401.1
6e33f3b8,1399050.5
6e33f3bb,1036430.2
6e33f3bd,1390068.3
6e33f3c0,1407928.7
6e33f3c4,1065416.3
6e33f3c9,1245223.6
6e33f3cb,1050712.8
6e33f3ce,1126471.8
6e33f3d2,1181374.8
6e33f3d6,1038124.9
6e33f3db,1246532
6e33f3dd,1068714.7
6e33f3e1,1454868.8
6e33f3e3,1381290
6e33f3e5,1255102
6e33f3eb,1220532.1
6e33f3ef,1561104.3
6e33f3f1,1330374.1
6e33f3f3,1123517.6
6e33f3f9,1506482.1
6e33f3fc,1209188.8
6e33f3ff,1482070.4
6e33f404,1215015.5
6e33f407,1394066.5
6e33f40b,1514396.2
6e33f411,995388.5
6e33f414,1431532.6
6e33f41a,875527.8
6e33f41c,1025643.5
6e33f421,1131504.9
6e33f425,1253857.9
6e33f427,1199006.7
6e33f42c,1566035.7
6e33f42e,1440640.9
6e33f431,1259653.9
6e33f437,1358867.8
6e33f43a,1339786.1
6e33f440,1362945.5
6e33f442,1075979.1
6e33f445,1150371.3
6e33f44b,1404116
6e33f44e,1483058.7
6e33f451,1237809.4
6e33f456,1454933
6e33f459,1475973.7
6e33f45f,1476557.5
6e33f461,1379818.6
6e33f463,1422856.9
6e33f465,1251819.9
6e33f468,1273339.1
6e33f46e,1246506.6
6e33f470,1346558.7
6e33f473,1409235.4
6e33f476,1441769.7
6e33f479,1373654.9
6e33f47b,1109078.3
6e33f47d,1364115.5
6e33f481,1486567.6
6e33f483,1275296.3
6e33f485,1309472.9
6e33f48a,1121623.1
6e33f48d,1190684.9
6e33f490,1420331
6e33f496,1374978.3
6e33f49c,1300955.3
6e33f49e,1403809.3
6e33f4a0,1477637.2
6e33f4a5,1074325.8
6e33f4a8,1433702.9
6e33f4ae,1070536.5
6e33f4b3,1212385.3
6e33f4b9,1473880.2
6e33f4bd,1292414.2
6e33f4bf,817364.5
6e33f4c3,1410961.6
6e33f4c7,1346627.1
6e33f4ca,995005.3
6e33f4cc,1317141.9
6e33f4d0,1225442.1
6e33f4d3,1533341.2
6e33f4d5,1026076.5
6e33f4da,1148514.4
6e33f4dc,1404524.6
6e33f4de,1240456
6e33f4e4,1152061.8
6e33f4ea,1393595.2
6e33f4ec,1386339.8
6e33f4f2,1368814.1
6e33f4f8,1284286.4
6e33f4fc,1228338.7
6e33f502,1093062.7
6e33f508,1313829.2
6e33f50b,1268868.6
6e33f511,1277833.9
6e33f517,1323249.2
6e33f51b,1164574.4
6e33f51f,1427780.8
6e33f524,1199008.2
6e33f527,1323111.2
6e33f52a,1498251.6
6e33f52c,1454487.4
6e33f531,1047865.2
6e33f537,1207559.8
6e33f53c,1422760.5
6e33f53f,1233602.1
6e33f541,1346566.4
6e33f543,1287863.5
6e33f547,1390742.4
6e33f54c,1518060
6e33f550,1476238.8
6e33f552,1437091.4
6e33f556,1378154
6e33f55c,1449053.1
6e33f560,1504409.7
6e33f563,1091904.9
6e33f565,1358683.5
6e33f56b,1519187
6e33f56e,1419916.4
6e33f570,1253557.4
6e33f574,1532410.2
6e33f579,1193787.4
6e33f57f,1320574.2
6e33f581,1393349.2
6e33f587,1166937.1
6e33f58d,1432982.1
6e33f593,1153837.6
6e33f599,1418346.9
6e33f59b,1171205.9
6e33f59e,1216097
6e33f5a4,1540625.8
6e33f5a8,1156531.9
6e33f5ac,1124382.4
6e33f5b1,1508992.9
6e33f5b5,1457048.7
6e33f5b8,1161744.4
6e33f5be,1084938.2
6e33f5c3,896604.9
6e33f5c8,1468074.8
6e33f5cd,1285925.9
6e33f5d1,1234702.3
6e33f5d4,1254526.1
6e33f5d7,1373496.5
6e33f5d9,1327846.5
6e33f5de,1350724.7
6e33f5e0,1349164.1
6e33f5e5,1323597.1
6e33f5e7,1341670.8
6e33f5eb,1307516.4
6e33f5f1,1387526.3
6e33f5f6,1268478.9
6e33f5fc,1477818.6
6e33f5ff,1111941.7
6e33f601,1459126.9
6e33f606,1251254.4
6e33f608,1372473.7
6e33f60e,934224.6
6e33f612,1202965.1
6e33f615,1318957.8
6e33f61b,1352733.5
6e33f61d,1135420.9
6e33f620,1031430
6e33f625,1307766.4
6e33f628,1170615.2
6e33f62b,1422581.9
6e33f62d,1184089.1
6e33f630,1493468.2
6e33f636,1229307
6e33f63a,1279900.1
6e33f63c,1373572.1
6e33f63e,1350079.6
6e33f640,1257842
6e33f642,1398516.6
6e33f648,1197980.5
6e33f64a,1192549.1
6e33f64d,1465398.6
6e33f651,1323440.6
6e33f655,1225137.3
6e33f659,1267497.7
6e33f65c,1522267.3
6e33f662,1354765.8
6e33f664,1492125.3
6e33f666,1388873.2
6e33f669,1189127.9
6e33f66c,1243104.5
6e33f670,992741.8
6e33f674,1363029.4
6e33f679,1464482.9
6e33f67c,1420008.4
6e33f67e,1116925
6e33f681,1396177
6e33f684,1416871.4
6e33f689,1293722.1
6e33f68f,1436473.1
6e33f691,1400224.6
6e33f693,1222526.4
6e33f699,1112472.4
6e33f69c,1403301.3
6e33f6a0,1032214.3
6e33f6a6,1030450.4
6e33f6a8,1562128
6e33f6ae,1161443.3
6e33f6b3,1043884.9
6e33f6b6,903836.9
6e33f6b9,1278444.8
6e33f6bf,1351240.1
6e33f6c3,1453134.3
6e33f6c8,1545235.5
6e33f6cb,1066706
6e33f6cd,1475979.1
6e33f6d0,1288575.8
6e33f6d3,1400586.1
6e33f6d7,1138472
6e33f6dd,1383918.2
6e33f6e2,1425063.2
6e33f6e6,1251165.7
6e33f6e9,1438627.7
6e33f6ef,1222349.8
6e33f6f2,1168029
6e33f6f7,1234530.1
6e33f6fc,1037578.4
6e33f701,1424384
6e33f704,1102221.4
6e33f709,1365988.6
6e33f70d,1089683.6
6e33f712,1346567
6e33f714,1370413.9
6e33f718,1177300.8
6e33f71c,1534700.2
6e33f71e,1394574.7
6e33f724,1378961
6e33f729,1459924.9
6e33f72b,1378444.5
6e33f72e,1432223.2
6e33f730,1421224.1
6e33f735,1338345
6e33f738,1346067.3
6e33f73a,1382201.4
6e33f740,1389551.3
6e33f743,1274188.9
6e33f747,1231350.8
6e33f74d,1061461.4
6e33f750,1290418.2
6e33f755,1259374.3
6e33f758,1480290.7
6e33f75a,1313707
6e33f75d,1302202.6
6e33f761,1314568
6e33f763,1490017.6
6e33f767,1371524.2
6e33f76c,1351770.5
6e33f76f,1424466.6
6e33f771,1482645.1
6e33f773,1184678.6
6e33f775,1070148.5
6e33f779,1421632.8
6e33f77b,1365448.3
6e33f781,1481208.6
6e33f785,1271284.6
6e33f787,1328563.7
6e33f78b,1093948.5
6e33f78e,1422635
6e33f790,1398557.4
6e33f793,1497508.3
6e33f797,1360991.2
6e33f79a,1079240.8
6e33f79f,1347685.9
6e33f7a2,1354555.8
6e33f7a6,1191301.2
6e33f7a8,1570906.8
6e33f7ad,1403887.1
6e33f7b0,1431188.5
6e33f7b3,1359695.5
6e33f7b5,1439688.9
6e33f7b7,1136363.5
6e33f7bc,1363330.2
6e33f7c1,1280281.1
6e33f7c5,1547280.3
6e33f7c7,1216176.8
6e33f7cc,1501468
6e33f7d0,1305387.9
6e33f7d2,1079212.5
6e33f7d4,1357304.4
6e33f7da,1244231.4
6e33f7df,1601901.3
6e33f7e4,1154174
6e33f7e9,1300294.4
6e33f7ec,1006162.6
6e33f7f0,1360325.8
6e33f7f4,1316027.5
6e33f7f8,1060001.3
6e33f7fa,1311725.7
6e33f7fd,1335884.5
6e33f802,1081000.9
6e33f804,1486101.8
6e33f808,1368119.1
6e33f80d,1253876.7
6e33f812,1471965.9
6e33f814,1492937.7
6e33f816,1352432.4
6e33f81a,1412699.9
6e33f81e,1183010.1
6e33f824,1334235.7
6e33f828,1235739.3
6e33f82b,1432954.1
6e33f82e,1517586.4
6e33f830,1494162.8
6e33f835,950900.1
6e33f83b,1403360.2
6e33f840,1377708.6
6e33f843,1022305.1
6e33f848,1445927.5
6e33f84e,1322520.5
6e33f854,1340193.6
6e33f85a,1380199.1
6e33f85d,1209893.1
6e33f860,1508576.4
6e33f864,1460048
6e33f868,1191589.4
6e33f86d,1417473.5
6e33f872,1396354.5
6e33f875,1415601.8
6e33f877,1442727.2
6e33f87a,1153642.3
6e33f87c,1516912.9
6e33f87f,1437209.3
6e33f885,1421170.9
6e33f887,1065713.3
6e33f88b,1296887
6e33f88f,1459183.2
6e33f891,1336291.6
6e33f896,1316650.1
6e33f899,1407246.2
6e33f89b,1187038.4
6e33f8a0,1279739.7
6e33f8a5,1425780.4
6e33f8a9,1032068.9
6e33f8ac,1333954.9
6e33f8b1,1410729.8
6e33f8b4,1312071.4
6e33f8b7,1617624.5
6e33f8bc,1163752.4
6e33f8c1,1286502.7
6e33f8c3,1366337.9
6e33f8c6,1509955.9
6e33f8cc,1550693.7
6e33f8d2,1187329.4
6e33f8d7,1448580.9
6e33f8da,1333142.2
6e33f8df,1384071.5
6e33f8e2,1413717.5
6e33f8e4,1334179.2
6e33f8ea,1511171
6e33f8f0,1449800.8
6e33f8f3,1400313.7
6e33f8f7,1323987.5
6e33f8f9,1318614.8
6e33f8fb,1282126
6e33f8fe,1321009.5
6e33f902,1132223.3
6e33f906,1520755
6e33f90c,1507477.5
6e33f90e,1266157.6
6e33f914,1329315.2
6e33f918,1524152.4
6e33f91d,1439867.4
6e33f921,1222835.6
6e33f923,1433709.5
6e33f926,897721.9
6e33f92c,1453801.4
6e33f930,1516709.1
6e33f934,1372456.2
6e33f936,1257959.8
6e33f93a,1290444.6
6e33f93e,1486569.7
6e33f942,1330550.5
6e33f945,1368141.2
6e33f949,1337769
6e33f94f,1562834.4
6e33f952,1258627.5
6e33f957,1110337.5
6e33f95d,1425279.7
6e33f960,911451.9
6e33f964,1190253
6e33f96a,1321974.6
6e33f970,1327955.7
6e33f974,1425751.7
6e33f979,1421862.5
6e33f97d,1396341.6
6e33f983,1402315.1
6e33f985,1426679.3
6e33f98b,1001098.6
6e33f991,1481914.9
6e33f997,1146717.7
6e33f99a,1478332.8
6e33f99f,1206846.5
6e33f9a2,1516282.7
6e33f9a7,1430419.9
6e33f9a9,1219172.1
6e33f9ae,1199342
6e33f9b1,1302463.8
6e33f9b6,1424615.3
6e33f9bc,1401017.6
6e33f9bf,1419597.4
6e33f9c1,1257792.8
6e33f9c5,1116764.1
6e33f9c9,1280520.9
6e33f9ce,1346148.4
6e33f9d0,1503704.2
6e33f9d5,1200937.2
6e33f9d9,1306285
6e33f9de,1365243.3
6e33f9e1,1226390.3
6e33f9e6,1423161.7
6e33f9ea,1410570.2
6e33f9ee,1293282.7
6e33f9f0,1206955.3
6e33f9f2,1230296.5
6e33f9f4,1402656
6e33f9f6,1307055.4
6e33f9fb,1233557.9
6e33f9fe,1347481.4
6e33fa01,1442737.6
6e33fa06,1405998.6
6e33fa0c,1087228.9
6e33fa11,1484258
6e33fa16,1198813.5
6e33fa18,1447975.2
6e33fa1d,1391967.5
6e33fa21,1303745.7
6e33fa27,1414136.9
6e33fa2a,1402056.7
6e33fa2c,1075457.5
6e33fa31,1188253.1
6e33fa33,1513040.3
6e33fa37,1487611.8
6e33fa39,1549815.5
6e33fa3b,1181552.8
6e33fa41,1401988.3
6e33fa44,1445828.5
6e33fa47,1195948.3
6e33fa4a,1324376.8
6e33fa4c,1314615.1
6e33fa4f,1206884.2
6e33fa53,1126831.2
6e33fa58,1054848.1
6e33fa5b,948640
6e33fa5f,1082563.8
6e33fa62,1253570.7
6e33fa67,1288470.4
6e33fa6b,1174131.3
6e33fa6f,1013141.5
6e33fa72,1229380.2
6e33fa75,1336910.7
6e33fa78,1459332.5
6e33fa7a,1362421.3
6e33fa7f,1271869.5
6e33fa82,1432639.7
6e33fa87,1385287.5
6e33fa8a,1461741
6e33fa8d,1249613
6e33fa93,1330555.1
6e33fa97,1429156.3
6e33fa9d,1471160.4
6e33fa9f,1433134
6e33faa2,1466006.6
6e33faa6,1482711.2
6e33faaa,1172952.1
6e33fab0,1514290.4
6e33fab4,1424479.7
6e33fab9,1538725.5
6e33fabb,1531497.2
6e33fac0,1349487.8
6e33fac3,999226.3
6e33fac9,1235738.2
6e33facb,1062463.1
6e33face,1459492.8
6e33fad2,1435372.2
6e33fad6,1416407.9
6e33fad8,1401051.3
6e33fadc,1352417.1
6e33fae0,1342831
6e33fae5,1232327.6
6e33fae8,1472144.4
6e33faeb,1231403.9
6e33faf1,1416000.5
6e33faf6,895647.4
6e33faf8,1331161.6
6e33fafe,1084563.6
6e33fb02,1249923.3
6e33fb06,1402168.5
6e33fb0c,780650.6
6e33fb0e,1448812.5
6e33fb14,1203514.1
6e33fb19,1379649.1
6e33fb1c,1342600.8
6e33fb20,1452018
6e33fb24,1320682.2
6e33fb28,1490270.8
6e33fb2e,1270336.5
6e33fb34,1187839.1
6e33fb39,1181876.1
6e33fb3c,1186663.7
6e33fb40,1178820.4
6e33fb46,1138709.5
6e33fb4a,1363303.4
6e33fb4c,1477051.6
6e33fb4e,1129183.6
6e33fb50,1393084.2
6e33fb54,1308624.8
6e33fb5a,1453642.7
6e33fb5d,934438.3
6e33fb5f,952806.2
6e33fb62,1430093.5
6e33fb67,1352462.4
6e33fb6c,1378825.6
6e33fb70,1399020.2
6e33fb73,1497718.1
6e33fb77,1316235.2
6e33fb7d,1290111.6
6e33fb83,1174343
6e33fb89,1236480.4
6e33fb8d,1412774.3
6e33fb93,1618438.4
6e33fb95,1428285
6e33fb97,1352585.2
6e33fb9c,1459308.4
6e33fba1,1502993.1
6e33fba3,1013209.7
6e33fba6,1411241.6
6e33fba8,1407734.7
6e33fbae,1203091.4
6e33fbb3,1411594.8
6e33fbb7,1441066.5
6e33fbba,1272785.9
6e33fbbf,1414311.3
6e33fbc3,1379564
6e33fbc6,1326859.9
6e33fbcb,1130170.5
6e33fbcd,1349764.7
6e33fbd0,1211335.2
6e33fbd4,1404580.6
6e33fbd7,1478670.8
6e33fbdb,1243248.7
6e33fbdd,1019756.5
6e33fbe3,1002736.3
6e33fbe8,1032163.6
6e33fbea,814597.5
6e33fbee,1461863.5
6e33fbf0,1251417.9
6e33fbf3,1335280.1
6e33fbf7,945389.6
6e33fbf9,1503688
6e33fbfe,1289097.5
6e33fc04,1456352.2
6e33fc08,1405725.1
6e33fc0d,1275120.6
6e33fc10,1360114
6e33fc14,932126.8
6e33fc18,1450983.8
6e33fc1d,1269134.7
6e33fc22,1079308.4
6e33fc27,1462048.2
6e33fc2d,1188736.9
6e33fc33,1451652.3
6e33fc36,1385224
6e33fc3b,1480062.4
6e33fc3f,1304786.8
6e33fc41,1463266.1
6e33fc46,1266405.7
6e33fc4b,1316585.4
6e33fc50,1011661.9
6e33fc52,1530715.4
6e33fc57,1389041.6
6e33fc5d,872821.6
6e33fc63,1524892
6e33fc65,1533529.9
6e33fc6b,1454625.1
6e33fc71,1329246
6e33fc74,896841
6e33fc76,1424865.8
6e33fc7b,1024523.2
6e33fc81,1093039.5
6e33fc86,1289941
6e33fc88,1538018.6
6e33fc8c,1314477.6
6e33fc8e,1013909
6e33fc92,1396033.8
6e33fc96,1127138.1
6e33fc9c,1379237.5
6e33fc9f,1420823.6
6e33fca5,1447448.3
6e33fcab,1280544.4
6e33fcb0,1379369.3
6e33fcb6,1120903.1
6e33fcb8,1480474.3
6e33fcbc,1303093
6e33fcc1,1373032.2
6e33fcc5,1398690
6e33fcc8,1411787.6
6e33fccb,1453089
6e33fccf,1285166.2
6e33fcd3,1437788.7
6e33fcd9,1334292.6
6e33fcdc,1326102
6e33fce0,1255777.8
6e33fce3,1378785.4
6e33fce9,1338357
6e33fcef,1498615.9
6e33fcf2,1152494.2
6e33fcf5,1390211.8
6e33fcf7,1099672.3
6e33fcfd,1351611.2
6e33fd03,1438121.2
6e33fd09,1380839.7
6e33fd0d,1245422.5
6e33fd0f,1132827.3
6e33fd13,1181924.7
6e33fd17,1257483.9
6e33fd1b,902502.5
6e33fd1e,1295114.4
6e33fd20,1326949.9
6e33fd23,1439200.9
6e33fd27,1328037.8
6e33fd2c,1254301
6e33fd30,1145627.6
6e33fd34,1482269.4
6e33fd39,1290409
6e33fd3b,1164030
6e33fd3d,1014383.4
6e33fd41,1285463.1
6e33fd43,1300099.9
6e33fd49,1129945.1
6e33fd4c,1423464.5
6e33fd51,1472374.6
6e33fd57,1001407.3
6e33fd59,1029574.9
6e33fd5c,1211875.2
6e33fd62,1423099.2
6e33fd67,1401467.7
6e33fd69,1400758.4
6e33fd6c,1322515.1
6e33fd70,1279366
6e33fd74,1151391.5
6e33fd79,1430530
6e33fd7b,1133744
6e33fd7d,1290985.4
6e33fd81,1239477.5
6e33fd85,1201034.7
6e33fd87,1413517.7
6e33fd89,1028779.2
6e33fd8e,1427104.5
6e33fd90,1051086
6e33fd94,1312838.6
6e33fd99,1118015.9
6e33fd9c,1004470.8
6e33fd9f,1406419.1
6e33fda2,1340898.3
6e33fda8,1291337.1
6e33fdac,1439680
6e33fdb1,1259641.4
6e33fdb7,1410618
6e33fdba,1277049.1
6e33fdc0,1417575.4
6e33fdc2,1318174.1
6e33fdc6,1305639.1
6e33fdcc,1304095.6
6e33fdd2,1510952.8
6e33fdd4,1483421.2
6e33fdda,1363904.4
6e33fddc,1525080.8
6e33fddf,1355171.9
6e33fde1,1340539
6e33fde7,1343251.2
6e33fdeb,1513628.1
6e33fdf1,1188695.1
6e33fdf3,1420118.9
6e33fdf5,1188367.6
6e33fdf7,1475646.6
6e33fdfa,1332799.2
6e33fdfc,1369947.1
6e33fdff,1292030.7
6e33fe04,1357482
6e33fe07,1098686.9
6e33fe0a,1437473.5
6e33fe10,1156873.4
6e33fe14,1441633.8
6e33fe1a,1421963.7
6e33fe1d,1270349.9
6e33fe1f,1156285.3
6e33fe21,1401924.8
6e33fe27,1419663.4
6e33fe2d,1264783.7
6e33fe2f,1374672.1
6e33fe32,1172436.7
6e33fe36,1368454.4
6e33fe38,1399787.2
6e33fe3c,1410384.5
6e33fe42,1324353.5
6e33fe46,1506575.8
6e33fe49,1387821.5
6e33fe4f,1350676.4
6e33fe51,1350447.1
6e33fe53,1423073.3
6e33fe55,1270568.7
6e33fe59,1254328.3
6e33fe5f,1261815.4
6e33fe65,1357204.2
6e33fe6a,894132.9
6e33fe6e,1456891.8
6e33fe70,1399596.3
6e33fe76,1317634.2
6e33fe78,1150805.7
6e33fe7e,1057409.1
6e33fe80,1307831.5
6e33fe84,1235479.2
6e33fe86,1144751.5
6e33fe88,1033569.2
6e33fe8c,1094363.5
6e33fe8f,1249318.7
6e33fe91,1342606.3
6e33fe97,1429276.6
6e33fe9a,1382201.7
6e33fe9d,1431340.5
6e33fea2,1317029.4
6e33fea6,1181871.5
6e33feab,1402558.2
6e33feae,1425234.2
6e33feb0,1506090.9
6e33feb3,1340744.9
6e33feb7,1230241.2
6e33feb9,1317171.7
6e33febd,1406612.1
6e33fec3,1374412.4
6e33fec8,1320050.6
6e33fece,1386345
6e33fed3,1386139.5
6e33fed9,1193631.1
6e33fede,1285002.2
6e33fee2,1511988.7
6e33fee6,1402077.1
6e33feec,1468423.4
6e33feee,983756.1
6e33fef1,1313712.2
6e33fef3,1343518.7
6e33fef7,1532337.4
6e33fefa,1054163.6
6e33feff,1234776.9
6e33ff04,1295790.9
6e33ff08,1312964.6
6e33ff0b,1343831.1
6e33ff0d,1161816.6
6e33ff10,1478643.7
6e33ff14,1631175.2
6e33ff18,1271687.1
6e33ff1d,1414082.9
6e33ff1f,1052041.4
6e33ff23,1285889.4
6e33ff26,1237591.3
6e33ff28,1374026.8
6e33ff2d,1340246.7
6e33ff32,1439337.4
6e33ff36,1453121.8
6e33ff39,1202765.6
6e33ff3f,1338609.9
6e33ff45,1366805.7
6e33ff47,1363983.7
6e33ff49,1035410.2
6e33ff4e,1337671.9
6e33ff53,974715.9
6e33ff55,1445443.2
6e33ff5a,1131118.4
6e33ff5c,1445882.1
6e33ff5f,1395009.1
6e33ff63,1299538.4
6e33ff67,1126761.2
6e33ff6c,1444228.4
6e33ff6e,1468325.1
6e33ff70,1281702.1
6e33ff76,1000795.4
6e33ff7c,1440174
6e33ff7f,1352493.6
6e33ff84,1086923.6
6e33ff88,1263074.9
6e33ff8a,1318217.2
6e33ff8f,929228.8
6e33ff91,1458840.8
6e33ff94,1062510.7
6e33ff97,1474784.1
6e33ff99,1526304.2
6e33ff9e,1403438.4
6e33ffa0,1368410.6
6e33ffa2,1439913.5
6e33ffa5,1435468.2
6e33ffa9,1476392.2
6e33ffac,1219212.1
6e33ffb2,1356210
6e33ffb8,1198272.5
6e33ffba,1479982.7
6e33ffbf,1375797.6
6e33ffc3,1442949.7
6e33ffc5,1436592.6
6e33ffc9,1355933.6
6e33ffce,1180485
6e33ffd0,1341629.5
6e33ffd6,1051867
6e33ffdb,1366008.7
6e33ffdd,1379654.3
6e33ffe3,1266615.3
6e33ffe9,1241284.3
6e33ffec,992461.1
6e33fff2,1447999.4
6e33fff6,1284540.9
6e33fff8,1577203.7
6e33fffc,1265026.2
6e340000,942170.3
6e340005,1465134
6e340007,1501076
6e34000c,1460889.9
6e340012,1522352.1
6e340018,823165.6
6e34001e,1231263.6
6e340020,1324899
6e340026,1281606.1
6e340028,1281619.6
6e34002d,1432156
6e340031,1229070.3
6e340034,1417283.4
6e340039,1259189.3
6e34003f,1446549
6e340043,1456512.1
6e340046,1131556.9
6e34004c,1085656.5
6e340052,1163269.6
6e340057,1311110.9
6e34005c,1336071.3
6e340061,1349114.3
6e340064,1331447.7
6e34006a,1355412.3
6e34006f,1355629.1
6e340071,1477394
6e340075,1148403.6
6e340077,1233174.8
6e34007d,1409966
6e340082,1251130.8
6e340087,1498593.1
6e34008b,1212374.9
6e34008f,1118652.9
6e340093,1209089.2
6e340096,1379650.6
6e340098,1151391.2
6e34009e,1287104.6
6e3400a0,1333666.2
6e3400a3,1399338.3
6e3400a5,1240402.6
6e3400a8,1435219.6
6e3400ae,1275204.4
6e3400b2,1309014.8
6e3400b4,1529807.8
6e3400b8,1406508.8
6e3400bc,1382741.7
6e3400c2,1331347
6e3400c6,1497779.2
6e3400cb,1153582.8
6e3400cd,1213168.8
6e3400d3,1342145.8
6e3400d8,1250847.6
6e3400dd,1321244.2
6e3400e0,1149448.1
6e3400e6,905868.8
6e3400ea,1452309.4
6e3400ee,954613.2
6e3400f3,1353981
6e3400f6,1317607.5
6e3400fb,1056377.6
6e340101,979761.6
6e340103,1416573.9
6e340107,1280576.7
6e340109,1401575.9
6e34010b,1279142.7
6e34010d,1391862.4
6e340110,1422198.5
6e340116,1267386.4
6e340118,1164560.9
6e34011b,1307323.4
6e34011e,1506058.2
6e340124,1290068
6e34012a,1328391.4
6e34012d,1224616.9
6e340132,1386439
6e340134,1328056.2
6e34013a,1406795.4
6e340140,1278307
6e340146,1103310.7
6e34014c,1449062.8
6e34014f,1275293.7
6e340152,1457269.2
6e340155,1444286.1
6e340158,1340841.1
6e34015e,1324766.9
6e340163,1456914.9
6e340169,1197867.5
6e34016d,1328487.8
6e340172,1461164.3
6e340177,1404806.2
6e34017c,1529227.7
6e340182,1383890.3
6e340186,1320460.6
6e34018c,998418.1
6e340191,1510639.9
6e340195,1496335.7
6e340199,1153688.3
6e34019e,964383.5
6e3401a2,1409118.1
6e3401a8,1211342.4
6e3401aa,1532617.5
6e3401b0,1459282.9
6e3401b5,1225221
6e3401b7,1461188.9
6e3401bb,1234513
6e3401bf,1332694.4
6e3401c4,1250530.4
6e3401c9,1335372
6e3401cf,1228269.6
6e3401d5,1466826.6
6e3401db,1108767.8
6e3401df,1326757.6
6e3401e3,1254434.7
6e3401e7,1426097.7
6e3401e9,1562295.5
6e3401ee,1253869.7
6e3401f4,1099846.8
6e3401f9,1422025.2
6e3401fd,1245104.3
6e340202,1363075
6e340206,1293244.1
6e340208,1412437.3
6e34020b,1355297.4
6e340211,1410767.1
6e340214,1319301.9
6e340218,1398424.6
6e34021b,1049499.8
6e340221,1479009
6e340225,1043110.5
6e340228,1334735.5
6e34022d,1514569.1
6e34022f,1294776.9
6e340235,1231157.6
6e34023a,1385069.3
6e340240,1561837.4
6e340244,856700.1
6e340246,1425666.1
6e340249,1469989.5
6e34024d,1241612.8
6e34024f,997713.5
6e340255,1362193.9
6e340257,1278383.4
6e34025a,1323813.7
6e34025e,1476233.3
6e340263,1322616.2
6e340265,1475472.2
6e340269,1445589.2
6e34026f,1377262.6
6e340274,1244085.2
6e340279,1574128.4
6e34027b,1334326.1
6e34027f,1384647.4
6e340282,1144778.3
6e340285,1255639
6e34028b,1171283.7
6e340290,1297282.5
6e340292,1234905.6
6e340297,1387085.6
6e34029a,1450247
6e34029c,1461238.2
6e3402a0,1402882.4
6e3402a5,1445797.2
6e3402aa,1207441.6
6e3402ad,1252422.5
6e3402b2,1370594.8
6e3402b4,1228171
6e3402b7,1010634.1
6e3402bc,1249499.2
6e3402c0,1348259.8
6e3402c3,1315478.5
6e3402c5,1217238.3
6e3402c7,1392030.4
6e3402ca,1330910
6e3402d0,1392453.9
6e3402d6,1187327.2
6e3402da,1311833.7
6e3402e0,1120085.3
6e3402e6,1270459.8
6e3402ea,1097670.6
6e3402ee,1454816.4
6e3402f4,1492026
6e3402f8,1261105.4
6e3402fa,1334567.5
6e3402fc,1186279.1
6e3402ff,1170603.8
6e340302,1303968.3
6e340308,1465295.5
6e34030c,1053956.5
6e340311,1377195.6
6e340317,1003479.5
6e34031a,1480134.9
6e34031c,1448078.3
6e340320,1381408.4
6e340325,1442839.7
6e34032a,1396623.7
6e34032c,1543658.5
6e340331,1191242.6
6e340333,1461960
6e340337,1182299.3
6e34033b,1346121.8
6e34033f,1428460.4
6e340342,1380266
6e340344,1272188.1
6e340349,1411949.1
6e34034b,1513315.2
6e34034d,1268439.9
6e340352,1504379.1
6e340356,1319705.2
6e34035b,1374325.1
6e340361,1057031.6
6e340366,1537597.8
6e34036c,1267875.6
6e34036e,1299824.1
6e340370,1174176.9
6e340373,1292373.4
6e340379,1036557.5
6e34037e,1416921.6
6e340380,1444354.3
6e340385,1552920.2
6e34038a,1321459.9
6e340390,1389417.3
6e340396,1501026.9
6e34039c,1289427.7
6e34039f,1299975.6
6e3403a4,1500854.2
6e3403a8,1341160.1
6e3403ae,1467946.4
6e3403b3,1396432.5
6e3403b6,936707.8
6e3403bb,1322432.2
6e3403bf,1325877.5
6e3403c2,1036133
6e3403c4,1440475
6e3403ca,1436786.6
6e3403cd,1356781.9
6e3403d0,1361442.4
6e3403d5,1285115.3
6e3403d9,1416108.6
6e3403df,1455198
6e3403e3,1064031.2
6e3403e7,1334524.1
6e3403ea,1495621.3
6e3403ef,1532945.4
6e3403f3,1107245.6
6e3403f8,1206489.1
6e3403fb,1539056.2
6e340401,1208668
6e340406,1366418.8
6e340408,1257919.4
6e34040e,1466627.8
6e340413,1383538.7
6e340415,1106095.6
6e340418,1425871.4
6e34041d,1182261.7
6e34041f,1043145.9
6e340422,1047395.7
6e340427,1265930.6
6e34042b,1298633.1
6e34042e,1267460.2
6e340433,1346823.8
6e340437,1282505.7
6e340439,1021254.2
6e34043e,1441001
6e340441,1487507
6e340443,1470241
6e340447,1270276.8
6e34044d,1422138.7
6e340450,1370716.3
6e340456,1359654.6
6e340459,1059715.6
6e34045e,1289678.2
6e340461,1338940.5
6e340464,1352431.7
6e340468,1423560.2
6e34046c,1346006.5
6e340470,1044026.1
6e340474,1229686.2
6e340479,1422643.8
6e34047f,1378894.3
6e340485,1318248.6
6e340488,1433388
6e34048a,1553313.3
6e34048e,1487686.2
6e340492,1546184.7
6e340495,1422408.2
6e340497,1206142.6
6e34049a,1446533.1
6e3404a0,1504751.3
6e3404a3,1023375.4
6e3404a6,1343414.4
6e3404a9,1148035.2
6e3404af,1381715
6e3404b3,1081055.7
6e3404b5,1335171
6e3404b9,1456573.8
6e3404bf,1349496.9
6e3404c1,1313911.6
6e3404c5,1345088.8
6e3404c8,1305127.4
6e3404cb,1366067.8
6e3404cf,1266873.3
6e3404d2,1468023
6e3404d7,1255916.1
6e3404d9,1096546.8
6e3404dd,1302005.3
6e3404e3,1365333.8
6e3404e6,1231277.7
6e3404e9,1212605.7
6e3404eb,1277814.9
6e3404ed,1360295.6
6e3404ef,911672.6
6e3404f5,1352272.9
6e3404f9,1290940
6e3404fe,1461513.1
6e340503,1483642.5
6e340505,1217460.9
6e340508,1283622.5
6e34050a,1356219.9
6e34050c,1179703.6
6e34050f,1358429.1
6e340513,1513606.1
6e340515,1378528.9
6e34051b,1302885.4
6e34051e,1304058.9
6e340523,1258043.2
6e340528,1168808.8
6e34052d,1025229.6
6e340532,1384376.6
6e340537,1430808.1
6e34053d,1149344.8
6e340543,1266564.2
6e340547,1275995.8
6e34054c,1348469.3
6e340551,1297360.1
6e340554,1329683.2
6e340559,1425160.8
6e34055d,1241870.6
6e340560,1279073.8
6e340565,1293490.2
6e34056b,1273990.4
6e340570,1398072.3
6e340572,1524535.4
6e340574,1358222.6
6e340578,1338141
6e34057e,1430305.7
6e340580,1277690.7
6e340584,1459611.6
6e340588,1124463.4
6e34058c,1349835.3
6e340590,1026455.2
6e340596,1423283.6
6e340598,1192699.5
6e34059d,1461642.4
6e3405a3,1245831.9
6e3405a7,1212556.5
6e3405ad,1484087.1
6e3405b3,1486264
6e3405b7,1260686
6e3405bb,1427115.6
6e3405c0,1373802.6
6e3405c2,1273655.4
6e3405c4,1254171.8
6e3405c7,1555099.9
6e3405cc,1353353.8
6e3405cf,1281677.4
6e3405d3,1286623.8
6e3405d8,1262487.3
6e3405db,1085676.4
6e3405de,1236034.9
6e3405e4,1173308.1
6e3405e9,1211340.9
6e3405ec,1283803.7
6e3405ef,1371408.8
6e3405f2,1351170.7
6e3405f7,1193687.9
6e3405f9,1122392.1
6e3405ff,1317219.8
6e340604,1533435.1
6e34060a,1435018.6
6e34060e,1341414.4
6e340614,1343956.5
6e340619,1259216.7
6e34061f,1339269.6
6e340624,1406773.2
6e34062a,1473379
6e34062e,1530563.4
6e340630,1394890.6
6e340636,983960.1
6e340639,1432286.6
6e34063f,1353429.2
6e340643,1393923.9
6e340648,1075061.2
6e34064d,877070.3
6e340651,1316433.5
6e340654,1376459.4
6e340657,1289726.6
6e34065c,1330411.6
6e340660,1446435.5
6e340664,1354905.6
6e340669,1336868.8
6e34066e,1523556.4
6e340672,1363829.8
6e340674,1042584
6e34067a,1535140.3
6e340680,1058375.9
6e340684,1136823.9
6e340688,1385690.3
6e34068a,1357295.2
6e34068e,1390008.6
6e340692,1305871
6e340694,1345298.2
6e340697,1469868.7
6e34069d,1329453.1
6e3406a1,1492529.5
6e3406a5,1179039.4
6e3406a9,1423817.5
6e3406ab,1421000.6
6e3406b0,1442829.5